#,Attack Description,Technology,comments,build_system_compromise,source_code_compromise,firmware_implant,certificate_attack,delivery_system_compromise,account_takeover,dependency_compromise,malicious_package,typosquatting,attack_major_category,Attack Category,AStRA Element,Desired Security Objective(s),Ladisa Attack Vector,Notes,initial_compromise_date,detection_date,report_date,number_of_attacks,Attack Reference,Alternative reference
2,One of the servers that makes up the rsync.gentoo.org rotation was compromised via a remote exploit.,Gentoo,,0,0,0,0,1,0,0,0,0,"Build, Source, and Publishing Infrastructure Attack",Publishing Infrastructure: Delivery System Compromise,Resource,R2,(AV-702) Exploit Vulnerabilities,,2/12/2003,2/12/2003,3/12/2003,1,https://archives.gentoo.org/gentoo-announce/message/7b0581416ddd91522c14513cb789f17a,https://linuxsecurity.com/news/vendors-products/gentoo-rsync-rotation-server-compromised
3,Fedora servers were illegally accessed. One of the compromised Fedora servers was a system used for signing Fedora packages.,Fedora,,0,0,0,0,1,0,0,0,0,"Build, Source, and Publishing Infrastructure Attack",Publishing Infrastructure: Delivery System Compromise,"Principal, Resource","P3, R1,R2","(AV-602) Take-over Legitimate Account, (AV-701) Exploit Weak Configuration",,unknown,15/8/2008,22/8/2008,1,https://www.redhat.com/archives/fedora-announce-list/2008-August/msg00012.html,https://www.darkreading.com/cyber-risk/fedora-red-hat-servers-compromised
4,"According to a blog post from the First Tech Credit Union, an app developer called 09Droid created applications which posed as a shell for mobile banking applications and published them to Android Marketplace, and in the process phished personal information about user bank accounts.",Android Marketplace,One credit union that was impacted reported that users were receiving emails promoting the app during the first 2 weeks of December.,0,0,0,0,0,0,0,1,0,Software Registry Attacks,Malicious Package,Artifact,"A1, A2, A3","(AV-100) Develop and Advertise Distinct Malicious Package from Scratch
(AV-206) Brandjacking
(AV-207) Similarity Attack",,unknown,1/12/2009,11/1/2010,2,https://nakedsecurity.sophos.com/2010/01/11/banking-malware-android-marketplace/,https://grahamcluley.com/banking-malware-android-marketplace/
5,"A targeted user received a phishing email that allowed the attacker to install malware.  As a result, attackers had complete access to internal systems. They targeted sources of intellectual property, including software configuration management (SCM) systems accessible by the compromised system. The compromised system could also be leveraged to further penetrate the network.",Perforce,,0,1,0,0,0,0,0,0,0,"Build, Source, and Publishing Infrastructure Attack",Source Code System Compromise,"Principal, Resource, Topology","P3, P4, R3","(AV-606) Social Engineering, (AV-701) Exploit Weak Configuration",,unknown,unknown,12/1/2010,20,https://www.wired.com/images_blogs/threatlevel/2010/03/operationaurora_wp_0310_fnl.pdf  https://googleblog.blogspot.com/2010/01/new-approach-to-china.html,
6,"The open-source ProFTPD project has been hacked by unknown attackers who planted a backdoor in the source code.  As a result of the hack, the project's main FTP server, as well as all of the mirror servers, have carried compromised versions of the ProFTPD1.3.3c source code, from the November 28 2010 to December 2 2010.",ProFTPD,,0,0,0,0,1,0,0,0,0,"Build, Source, and Publishing Infrastructure Attack",Publishing Infrastructure: Delivery System Compromise,"Artifact, Topology","A1, A3",(AV-300) Inject into Sources of Legitimate Package,,28/11/2010,2/12/2010,3/12/2010,1,"https://www.zdnet.com/article/open-source-proftpd-hacked-backdoor-planted-in-source-code/
https://www.aldeid.com/wiki/Exploits/proftpd-1.3.3c-backdoor",
7,"Dubbed Geinimi based on its first known incarnation, this Trojan can compromise a significant amount of personal data on a phone and send it to remote servers. Once the malware is installed, it has the potential to receive commands from a remote server that allow the owner of that server to control the phone. Geinimi is effectively being grafted onto repackaged versions of legitimate applications, primarily games, and distributed in third-party Chinese Android app markets. ",Android Apps,,0,0,0,0,0,0,0,1,0,Software Registry Attacks,Malicious Package,Artifact,"A1, A3",(AV-500) Distribute Malicious Version of Legitimate Package,The attack vectors under AV-500 do not cover distribution of malicious packages via unofficial hosting systems.,unknown,unknown,29/12/2010,5,https://blog.lookout.com/security-alert-geinimi-sophisticated-new-android-trojan-found-in-wild,https://www.microsoft.com/en-us/wdsi/threats/malware-encyclopedia-description?Name=TrojanSpy:AndroidOS/Geimini.A
8,A Fedora contributor account with push access to packages in the Fedora SCM and the ability to perform builds and make updates to Fedora package was compromised.,Fedora,,0,0,0,0,0,1,0,0,0,Software Registry Attacks,Account Takeover,Principal,"P2,P3,P4",(AV-602) Take-over Legitimate Account,,22/1/2011,22/1/2011,25/1/2011,1,https://lists.fedoraproject.org/pipermail/announce/2011-January/002911.html,https://thehackernews.com/2011/01/fedora-web-site-hacked-but-servers.html
9,Multiple applications available in the Official Android Market were found to contain malware which could compromise a significant amount of personal data. More than 50 applications have been found to be infected with a new type of Android malware called DroidDream.,Android Marketplace,,0,0,0,0,0,0,0,1,0,Software Registry Attacks,Malicious Package,Artifact,"A1, A2, A3","(AV-100) Develop and Advertise Distinct Malicious Package from Scratch
(AV-206) Brandjacking
(AV-207) Similarity Attack",Arent these three the same?,unknown,1/3/2011,1/3/2011,56,https://blog.lookout.com/security-alert-droiddream-malware-found-in-official-android-market,
10,"Multiple applications available in the official Android Market were found to contain malware that can compromise a significant amount of personal data. Likely created by the same developers who brought DroidDream to market back in March, 26 applications were found to be infected with a stripped down version of DroidDream called Droid Dream Light (DDLight).",Android Marketplace,,0,0,0,0,0,0,0,1,0,Software Registry Attacks,Malicious Package,Artifact,"A1, A2, A3","(AV-100) Develop and Advertise Distinct Malicious Package from Scratch
(AV-206) Brandjacking
(AV-207) Similarity Attack",,unknown,28/5/2011,30/5/2011,34,https://blog.lookout.com/update-security-alert-droiddreamlight-new-malware-from-the-developers-of-droiddream,
11,"A new variant of DroidDream Light was found in the Android Market, which Google already removed from the Android Market.",Android Marketplace,,0,0,0,0,0,0,0,1,0,Software Registry Attacks,Malicious Package,Artifact,"A1, A2, A3","(AV-100) Develop and Advertise Distinct Malicious Package from Scratch
(AV-206) Brandjacking
(AV-207) Similarity Attack",,unknown,unknown,8/7/2011,4,https://blog.lookout.com/security-alert-new-droiddream-light-variant-published-to-android-market,
12,"Attackers with Chinese IP addresses uploaded malware to a server used to update ESTsoft's ALZip compression application, South Korean news outlets said. The upgrades eventually caused the compromise of 62 PCs at SK Communications that used the program. Attackers then tapped the machines to steal the names, user IDs, hashed passwords, birthdates, genders, telephone numbers, and street and email addresses contained in a database connected to the same network.",ALZip,,0,0,0,0,1,0,0,0,0,"Build, Source, and Publishing Infrastructure Attack",Publishing Infrastructure: Delivery System Compromise,Resource/Step,"R1, R2, A3, S1, S3","(AV-500) Distribute Malicious Version of Legitimate Package
(AV-505) Inject into hosting system
(AV-700) Compromise maintainer system
(AV-701/702) Exploit configuration/vulnerabilities",,unknown,unknown,12/8/2011,1,https://www.theregister.com/2011/08/12/estsoft_korean_megahack/,
13,A security breach at DigiNotar resulted in the fraudulent issuing of over 500 digital certificates.,DigiNotar,,1,0,0,1,0,0,0,0,0,"Build, Source, and Publishing Infrastructure Attack",Publishing Infrastructure: Certificate Attack,Principal/Step,"P1,P2,P3,P4, S1","(AV-700) Compromise system
(AV-701) Exploit weak configuration
(AV-702) Exploit vulnerabilities",,17/6/2011,19/7/2011,29/8/2011,1,https://media.threatpost.com/wp-content/uploads/sites/103/2011/09/07061400/rapport-fox-it-operation-black-tulip-v1-0.pdf,
14,The main kernel.org server was recently compromised by an unknown intruder. This person was able to gain root access.,Linux kernel,,1,0,0,0,1,0,0,0,0,"Build, Source, and Publishing Infrastructure Attack",Publishing Infrastructure: Delivery System Compromise,"Principal, Resource","P3, R1,R2","(AV-602) Take-over Legitimate Account, (AV-701) Exploit Weak Configuration",,unknown,unknown,31/8/2011,1,"https://www.linuxfoundation.org/blog/2011/08/the-cracking-of-kernel-org/
https://www.theregister.co.uk/2016/09/02/alleged_linux_hacker_arrested/",
15,SophosLabs recently encountered malware-infected editions of the Angry Birds Space game which have been placed in unofficial Android app stores. Please note: The version of Angry Birds Space in the official Android market (recently renamed Google Play Store) is *not* affected.,Android Apps,,0,0,0,0,0,0,0,1,0,Software Registry Attacks,Malicious Package,Artifact,"A1, A3",(AV-500) Distribute Malicious Version of Legitimate Package,The attack vectors under AV-500 do not cover distribution of malicious packages via unofficial hosting systems.,unknown,unknown,12/4/2012,1,https://nakedsecurity.sophos.com/2012/04/12/android-malware-angry-birds-space-game/,
16,Adobe recently received two malicious utilities that appeared to be digitally signed using a valid Adobe code signing certificate. The discovery of these utilities was isolated to a single source. Adobe has identified a compromised build server with access to the Adobe code signing infrastructure.,Digital Certificate,,1,0,0,1,0,0,0,0,0,"Build, Source, and Publishing Infrastructure Attack",Publishing Infrastructure: Certificate Attack,Resource/Step/Principal,"R1, R3, S1, P2, P3","(AV-700) Compromise system
(AV-701) Exploit weak configuration
(AV-702) Exploit vulnerabilities",,unknown,unknown,27/9/2012,2,https://blogs.adobe.com/security/2012/09/inappropriate-use-of-adobe-code-signing-certificate.html,
17,A malicious third party was able to illegally gain temporary access to one of Bit9's digital code-signing certificates that they then used to illegitimately sign malware.,Digital Certificate,,1,0,0,1,0,0,0,0,0,"Build, Source, and Publishing Infrastructure Attack",Publishing Infrastructure: Certificate Attack,Principal,"P1,P2,P3,P4",(AV-602) Take-over Legitimate Account,,unknown,unknown,9/2/2013,1,https://www.carbonblack.com/blog/bit9-and-our-customers-security/,
18,The Winnti group used stolen certificates to sign its malware and stole source code and other IP of several gaming companies.,Digital Certificate,The detection date is a rough guess given that the source reports detection in autumn 2011. Number of attacks was set to eleven because of the number of stolen certificates.,0,1,0,1,0,0,0,0,0,"Build, Source, and Publishing Infrastructure Attack",Publishing Infrastructure: Certificate Attack,Principal/step/Resource,"P1,P2,P3, R1,R2,R3,S1"," (AV-505) Inject into hosting/update system
(AV-401) Malicious build/update
(AV-700) Compromise maintainer/system",,unknown,1/10/2011,1/4/2013,11,https://media.kasperskycontenthub.com/wp-content/uploads/sites/43/2018/03/20134508/winnti-more-than-just-a-game-130410.pdf,
19,The  auto-update mechanism related to the legitimate installer file SimDisk.exe and Songsari_setup.exe were compromised to include an additional malicious payload.,SimDisk and Songsari,,0,0,0,0,1,0,0,0,0,"Build, Source, and Publishing Infrastructure Attack",Publishing Infrastructure: Delivery System Compromise,Resource/Step,"S1, S3, R3",AV-505 – Inject into hosting/update system,,unknown,unknown,25/6/2013,2,https://blog.trendmicro.com/trendlabs-security-intelligence/compromised-auto-update-mechanism-affects-south-korean-users/,
20,"The attackers subverted the distribution server of GOM Player software and delivered a malicious version of the software to users. Upon connecting to the application website to update the installed software, users were redirected to a different website, controlled by the attackers. As a result, the users received a modified version of the software bundled with a Trojan.",GOM Player,,0,0,0,0,1,0,0,0,0,"Build, Source, and Publishing Infrastructure Attack",Publishing Infrastructure: Delivery System Compromise,"Artifact, Resource","A1,A2,A3, R1,R2,R3","(AV-503) Prevent Update to Non-Vulnerable Version, (AV-701) Exploit Weak Configuration",,unknown,2/1/2014,19/2/2014,1,https://www.contextis.com/en/blog/context-threat-intelligence-the-monju-incident,
21,"Code Spaces, and code hosting platform, went out of business after a hacker deleted most of its machines, customer data and backups.",Code Spaces,,0,1,0,0,0,0,0,0,0,"Build, Source, and Publishing Infrastructure Attack",Source Code System Compromise,Topology,"T1, T2",N/A,,17/6/2014,17/6/2014,18/6/2014,1,https://threatpost.com/hacker-puts-hosting-service-code-spaces-out-of-business/106761/,
22,A group identified as Dragonfly by Symantec compromised legitimate software packages created by ICS equipment providers.,ICS-related software,,0,0,0,0,1,0,0,0,0,"Build, Source, and Publishing Infrastructure Attack",Publishing Infrastructure: Delivery System Compromise,Artifacts,"A1,A2,A3","AV-300 – Inject into sources of legitimate package
AV-500 – Distribute malicious version of legitimate package",,unknown,unknown,30/6/2014,3,https://community.broadcom.com/symantecenterprise/communities/community-home/librarydocuments/viewdocument?DocumentKey=7382dce7-0260-4782-84cc-890971ed3f17&CommunityKey=1ecf5f55-9545-44d6-b0f4-4e4a7f5f5e68&tab=librarydocuments,
23,"Official releases of two popular online games were found to be compromised, downloading malware onto computers. The games that were used in the attack were online games League of Legends (LoL) and Path of Exile (PoE). Variants of the remote access Trojan (RAT) PlugX were found in the official releases of the three games, and appeared to target users based in certain countries in Asia. The infection chain is triggered by downloading the legitimate installer or updates for the game itself.  These compromised official releases were traced back to Garena, a consumer Internet platform provider in Asia. In an official post, Garena stated that computers and patch servers were infected with Trojans.",League of Legends and Path of Exile,,0,0,0,0,1,0,0,0,0,"Build, Source, and Publishing Infrastructure Attack",Publishing Infrastructure: Delivery System Compromise,Resource/Step/Artifact,"A1,A2,A3, S3, R3","(AV-500) Distribute Malicious Version of Legitimate Package
(AV-505) Inject into hosting system
(AV-700) Compromise maintainer system
",,unknown,unknown,19/1/2015,2,https://blog.trendmicro.com/trendlabs-security-intelligence/plugx-malware-found-in-official-releases-of-league-of-legends-path-of-exile/,https://www.helpnetsecurity.com/2015/01/20/gamers-hit-with-trojanized-versions-of-official-league-of-legends-releases/
24,The Ceph community site and the Inktank download site were hacked.  Malicious Ceph and Inktank applications were signed by a compromised key.,Ceph and Inktank,,1,1,0,1,1,0,0,0,0,"Build, Source, and Publishing Infrastructure Attack",Publishing Infrastructure: Delivery System Compromise,"Principal, Artifact, Resource","P1,P2,P3,P4, A3, R2","(AV-603) Reuse of Compromised Credential, (AV-701) Exploit Weak Configuration",,unknown,unknown,17/9/2015,2,https://access.redhat.com/blogs/766093/posts/2176181,
25,XcodeGhost is the first compiler malware in OS X. Its malicious code is located in a Mach-O object file that was repackaged into some versions of Xcode installers. These malicious installers were then uploaded to the Baidu cloud file sharing service for use by Chinese iOS/OS X developers. Xcode is the official tool for developing iOS or OS X apps and it is clear that some Chinese developers have downloaded these Trojanized packages.,Xcode,,1,0,0,0,0,0,0,0,0,"Build, Source, and Publishing Infrastructure Attack",Build System Compromise,Artifact,"A1,A2,A3",(AV-500) Distribute Malicious Version of Legitimate Package,,1/3/2015,17/9/2015,17/9/2015,1,https://unit42.paloaltonetworks.com/novel-malware-xcodeghost-modifies-xcode-infects-apple-ios-apps-and-hits-app-store/,
26,"Malicious code was inserted in the operating system of Juniper NetScreen VPN routers. This unauthorized code enabled remote administrative access, and allowed passive decryption of VPN traffic. The first vulnerability was done by implanting back door in the SSH password checker and the second one happened by compromising a pseudorandom number generator.",ScreenOS,,0,1,0,0,0,0,0,0,0,"Build, Source, and Publishing Infrastructure Attack",Source Code System Compromise,Artifact/Resource/Step,"A1,A2,A3, S1, R3","(AV-300) Inject into sources of legitimate package
(AV-700) Compromise system",,unknown,unknown,17/12/2015,1,https://forums.juniper.net/t5/Security-Incident-Response/Important-Announcement-about-ScreenOS/ba-p/285554,
27,"Hackers made a modified Linux Mint ISO, with a backdoor in it, and managed to hack the Linux Mint website to point to it.",Linux Mint,,0,0,0,0,1,0,0,0,0,"Build, Source, and Publishing Infrastructure Attack",Publishing Infrastructure: Delivery System Compromise,"Artifact, Resource","A1,A2,A3, R2",(AV-505) Inject into Hosting System,,20/2/2016,20/2/2016,21/2/2016,1,https://blog.linuxmint.com/?p=2994,
28,"Attackers infected two Transmission v2.90 installers available from the Transmission website with KeRanger, using a valid developer key that was not associated with Transmission.",Transmission,,0,0,0,0,1,0,0,0,0,"Build, Source, and Publishing Infrastructure Attack",Publishing Infrastructure: Delivery System Compromise,"Artifact, Principal","A1, A2, P3","(AV-603) Reuse of compromised credentials
(AV-500) Distribute malicious version of legitimate package",,4/3/2016,4/3/2016,6/3/2016,1,https://unit42.paloaltonetworks.com/new-os-x-ransomware-keranger-infected-transmission-bittorrent-client-installer/,
29,"As a research project, a student uploaded 214 packages to npm, PyPi, and RubyGems.org to evaluate the potential of typosquatting attacks.  There were 19721 unique installations over approximately 6 weeks.","npm, PyPi, RubyGems.org",,0,0,0,0,0,0,0,0,1,Software Registry Attacks,Typosquatting,Artifact,A3,(AV-204) Typosquatting,,4/11/2015,17/3/2016,17/3/2016,214,https://incolumitas.com/data/thesis.pdf,
30, Azer Koulu unpublished 273 npm packages he maintained after losing a dispute over control of the package name kik.,npm,,0,0,0,0,0,0,1,0,0,Software Registry Attacks,Dependency Compromise,Topology,"T1, T2",N/A,,23/3/2016,23/3/2016,23/3/2016,273,https://blog.npmjs.org/post/141577284765/kik-left-pad-and-npm,
31,Attackers breached the download server of an application (used by system administrators to analyze Windows logs) and replaced the legitimate application and updates with a signed malicious version.,EvLog,,0,0,0,0,1,0,0,0,0,"Build, Source, and Publishing Infrastructure Attack",Publishing Infrastructure: Delivery System Compromise,"Resource, Artifact","A1,A2,A3, R3","(AV-505) Inject into hosting system
(AV-500)  Distribute malicious version of legitimate package",,9/4/2015,26/4/2016,30/6/2016,1,"http://www.eventid.net/evlog/evlogsecnote.asp
https://www.rsa.com/en-us/blog/2017-02/kingslayer-a-supply-chain-attack",
32,"Proofpoint found an infected Android version of the mobile game Pokemon Go on third party app servers. This particular APK has been modified, including a malicious remote access tool called DroidJack (also known as SandroRAT).",Android Apps,,0,0,0,0,0,0,0,1,0,Software Registry Attacks,Malicious Package,Artifact,"A1, A3",(AV-500) Distribute Malicious Version of Legitimate Package,The attack vectors under AV-500 do not cover distribution of malicious packages via unofficial hosting systems.,4/7/2016,4/7/2016,7/7/2016,1,https://www.proofpoint.com/us/threat-insight/post/droidjack-uses-side-load-backdoored-pokemon-go-android-app,
33,Malicious age verification Chrome extensions: viralands.com,Chrome Web Store,,0,0,0,0,0,0,0,1,0,Software Registry Attacks,Malicious Package,"Artifact, Topology",A3,(AV-100) Develop and Advertise Distinct Malicious Package from Scratch,,unknown,unknown,18/7/2016,1,https://kjaer.io/extension-malware,
34,"Hackers compromised FOSSHub, a popular file hosting service, and replaced the legitimate installer of several applications with malicious copies.",Fosshub,,0,0,0,0,1,0,0,0,0,"Build, Source, and Publishing Infrastructure Attack",Publishing Infrastructure: Delivery System Compromise,"Resource, Artifact","A1,A2,A3, R3","(AV-505) Inject into hosting system
(AV-500)  Distribute malicious version of legitimate package",,unknown,2/8/2016,2/8/2016,1,https://www.ghacks.net/2016/08/03/attention-fosshub-downloads-compromised/,
35,"Attackers infected two Transmission v2.92 installers available from the Transmission website with Keydnap, using a valid developer key that was not associated with Transmission.",Transmission,,0,0,0,0,1,0,0,0,0,"Build, Source, and Publishing Infrastructure Attack",Publishing Infrastructure: Delivery System Compromise,"Artifact, Principal","A1, A2, P3","(AV-603) Reuse of compromised credentials
(AV-500) Distribute malicious version of legitimate package",,28/8/2016,29/8/2016,30/8/2016,1,"https://transmissionbt.com/keydnap_qa/
https://www.welivesecurity.com/2016/08/30/osxkeydnap-spreads-via-signed-transmission-application/",https://www.welivesecurity.com/2016/08/30/osxkeydnap-spreads-via-signed-transmission-application/
36,Ask software was being co-opted by a malicious actor to execute malicious software on victim endpoints.,Ask.com Toolbar,,0,0,0,0,1,0,0,0,0,"Build, Source, and Publishing Infrastructure Attack",Publishing Infrastructure: Delivery System Compromise,"Principal, Artifact","A1,A2,A3, P3",(AV-500) Distribute malicious version,,unknown,5/11/2016,18/11/2016,1,https://redcanary.com/blog/ask-partner-network-compromise/,
37,Gooligan malware code was included in dozens of legitimate-looking apps on third-party Android app stores.,Android Apps,,0,0,0,0,0,0,0,1,0,Software Registry Attacks,Malicious Package,Artifact,"A1, A2",(AV-300) Inject into sources of legitimate package,,unknown,unknown,30/11/2016,86,https://blog.checkpoint.com/2016/11/30/1-million-google-accounts-breached-gooligan/,
38,Doctor Web security researchers found new Trojans incorporated into firmwares of several dozens of Android mobile devices. Found malware programs (Cosiloon malware) are stored in system catalogs and covertly download and install programs.,Android Handsets,Malicious firmware was found on 26 models of smart phones.,0,0,1,0,0,0,0,0,0,"Build, Source, and Publishing Infrastructure Attack",Firmware Implant,Artifact ,"A1,A2,A3","(AV-700) Compromise system
(AV-303) Tamper with version control / sources at manufacturer",,unknown,unknown,12/12/2016,26,https://blog.checkpoint.com/2016/11/30/1-million-google-accounts-breached-gooligan/,
39,Banking malware known as the BankBot trojan was identified within an app on the Google Play Store.,Google Play Store,,0,0,0,0,0,0,0,1,0,Software Registry Attacks,Malicious Package,"Artifact, Topology",A3,(AV-100) Develop and Advertise Distinct Malicious Package from Scratch,,4/2/2017,6/2/2017,22/2/2017,1,https://www.welivesecurity.com/2017/02/22/sunny-chance-stolen-credentials-malicious-weather-app-found-google-play/,
40,"Palo Alto Networks discovered 132 Android apps on Google Play infected with tiny hidden IFrames that link to malicious domains in their local HTML pages, with the most popular one having more than 10,000 installs alone. Their investigation indicates that the developers of these infected apps are not to blame, but are more likely victims themselves. We believe it is most likely that the app developers development platforms were infected with malware that searches for HTML pages and injects malicious content at the end of the HTML pages it finds.   What all the apps have in common is that they employ Android WebView to display static HTML pages. ",Google Play Store,,0,0,0,0,0,0,1,0,0,Software Registry Attacks,Dependency Compromise,"Artifact, Resource","A1, A3, R3, R1",(AV-300) Inject into sources,,unknown,unknown,1/3/2017,1,https://unit42.paloaltonetworks.com/unit42-google-play-apps-infected-malicious-iframes/,
41,Ask software was co-opted again by a malicious actor to execute malicious software on victim endpoints.,Ask.com Toolbar,,0,0,0,0,1,0,0,0,0,"Build, Source, and Publishing Infrastructure Attack",Publishing Infrastructure: Delivery System Compromise,"Resource, Step","R3, S3, S1",(AV-505) Inject into Hosting System,Not sure about the link,unknown,unknown,1/3/2017,1,https://www.carbonblack.com/blog/second-ask-partner-network-apn-compromise-highlights-attackers-commandeering-widely-used-general-tools-sophisticated-targeted-attacks/,https://grahamcluley.com/ask-toolbar-updates-hijacked-attackers-install-suspicious-code/
42,Another instance of the BankBot trojan was identified within an app on the Google Play Store.,Google Play Store,,0,0,0,0,0,0,0,1,0,Software Registry Attacks,Malicious Package,Artifact,"A1,A2,A3",(AV-100) Malicious package,,unknown,unknown,30/4/2017,1,https://www.threatfabric.com/blogs/banking_malware_in_google_play_targeting_many_new_apps.html,
43,The update for an editor tool was compromised. There are few specifics.,Unknown,,0,0,0,0,1,0,0,0,0,"Build, Source, and Publishing Infrastructure Attack",Publishing Infrastructure: Delivery System Compromise,Resource/Step,"A3, R1,R2,R3, S1","(AV-505)inject into update/hosting
",,unknown,4/4/2017,4/5/2017,1,https://www.microsoft.com/security/blog/2017/05/04/windows-defender-atp-thwarts-operation-wilysupply-software-supply-chain-cyberattack/,https://cyberscoop.com/microsoft-uncovers-hacking-operation-aimed-at-software-supply-chain/
44,HandBrake-1.0.7.dmg was replaced by another unknown malicious file that DOES NOT match the SHA1 / SHA256 hashes for the legitimate version of the application (to install a new variant of the Proton malware),Handbrake,,0,0,0,0,1,0,0,0,0,"Build, Source, and Publishing Infrastructure Attack",Publishing Infrastructure: Delivery System Compromise,"Artifact, Resource","A1, A3, R2",(AV-505) Inject into Hosting System,,2/5/2017,6/5/2017,6/5/2017,1,"https://forum.handbrake.fr/viewtopic.php?f=33&t=36364
https://blog.malwarebytes.com/threat-analysis/mac-threat-analysis/2017/05/handbrake-hacked-to-drop-new-variant-of-proton-malware/",
45,"Attackers have successfully compromised the accounting software M.E.Doc, popular across various industries in Ukraine, including financial institutions. Several of them executed a trojanized update of M.E.Doc, which allowed attackers to launch a massive ransomware campaign. Includes the NotPetya backdoor",M.E.Doc,,1,1,0,0,1,0,0,0,0,"Build, Source, and Publishing Infrastructure Attack",Publishing Infrastructure: Delivery System Compromise,Artifact,"A1,A2,A3",(AV-300) Inject into sources,,14/4/2017,27/6/2017,27/6/2017,1,"https://www.welivesecurity.com/2017/06/27/new-ransomware-attack-hits-ukraine/
https://www.welivesecurity.com/2017/06/30/telebots-back-supply-chain-attacks-against-ukraine/
https://www.welivesecurity.com/2017/07/04/analysis-of-telebots-cunning-backdoor/",
46,Virus analytics from Dr.Web detected a malicious program built into the firmware of several mobile devices running Android.  Google believes that a vendor using the name Yehuo or Blazefire infected the system image with the Triada malware.,Android Handsets,,0,0,1,0,0,0,0,0,0,"Build, Source, and Publishing Infrastructure Attack",Firmware Implant,"Artifact, Resource","A1, A3, R3","(AV-401) Run malicious build
(AV-300) Inject into sources of legitimate package
(AV-505) Inject into hosting/build infrastructure",,unknown,unknown,27/7/2017,1,"https://news.drweb.com/show/?i=11390&lng=en
https://arstechnica.com/information-technology/2019/06/google-confirms-2017-supply-chain-attack-that-sneaked-backdoor-on-android-devices/",
47,38 instances of typosquatting attacks that collect and exfiltrate environment variables were identified.,npm,,0,0,0,0,0,0,0,0,1,Software Registry Attacks,Typosquatting,Artifact,A3,(AV-204) Typosquatting,,19/7/2017,1/8/2017,1/8/2017,38,https://blog.npmjs.org/post/163723642530/crossenv-malware-on-the-npm-registry,
48,Installers for several NetSarang products were distributed with ShadowPad backdoor from the company's offical release servers.,NetSarang,,0,0,0,0,1,0,0,0,0,Software Registry Attacks,Publishing Infrastructure: Delivery System Compromise,"Artifact, Resource","A1, A3, R2",(AV-505) Inject into Hosting System,,18/7/2017,4/8/2017,7/8/2017,1,"https://securelist.com/shadowpad-in-corporate-networks/81432/
https://web.archive.org/web/20170815192514/https://www.netsarang.com/news/security_exploit_in_july_18_2017_build.html",
49,8 instances of typosquatting attacks that add permissions and track install data were identified.,npm,,0,0,0,0,0,0,0,0,1,Software Registry Attacks,Typosquatting,Artifact ,A3,(AV-204) Typosquatting,,unknown,unknown,8/8/2017,8,https://duo.com/decipher/hunting-malicious-npm-packages,
50,10 instances of typosquatting attacks that collect and exfiltrate host information were identified.,PyPI,,0,0,0,0,0,0,0,0,1,Software Registry Attacks,Typosquatting,Artifact ,A3,(AV-204) Typosquatting,,2/6/2017,9/9/2017,9/9/2017,10,https://www.nbu.gov.sk/skcsirt-sa-20170909-pypi/,
51,"Developer workstations were compromised to intrgrate  ShadowPad malware into the CCleaner build process, allowing distribution of the malware using the legitimate signed version of CCleaner.",CCleaner,,1,0,0,0,1,0,0,0,0,"Build, Source, and Publishing Infrastructure Attack",Build System Compromise,Artifact ,A3,(AV-204) Typosquatting,,15/8/2017,12/9/2017,12/9/2017,1,"https://blog.talosintelligence.com/2017/09/avast-distributes-malware.html
https://blog.avast.com/update-ccleaner-attackers-entered-via-teamviewer
https://www.ccleaner.com/news/blog/2017/9/18/security-notification-for-ccleaner-v5336162-and-ccleaner-cloud-v1073191-for-32-bit-windows-users",
52,Malware injected in a free Android app would secretly register victims for paid services. The malicious code in the app came from a compromised software development kit (SDK) that Android developers used.,Lovely Wallpaper,This malware affected at least fifty apps.,0,0,0,0,0,0,1,0,0,Software Registry Attacks,Dependency Compromise,Artifact ,A3,(AV-204) Typosquatting,,7/7/2017,10/8/2017,14/9/2017,50,https://research.checkpoint.com/expensivewall-dangerous-packed-malware-google-play-will-hit-wallet/,
53,SafeBrowse malicious browser extension runs a crypto mining module in the background,Chrome Web Store,,0,0,0,0,0,0,0,1,0,Software Registry Attacks,Malicious Package,Artifact ,A3,(AV-204) Typosquatting,,unknown,unknown,19/9/2017,9,https://www.ghacks.net/2017/09/19/first-chrome-extension-with-javascript-crypto-miner-detected,
54,Steam Inventory Helper browser extension monitors browsing activity,Chrome Web Store,,0,0,0,0,0,0,0,1,0,Software Registry Attacks,Malicious Package,Artifact ,A3,(AV-204) Typosquatting,,unknown,unknown,19/9/2017,1,https://www.ghacks.net/2017/09/19/steam-inventory-helper-monitors-your-browsing-activity,
55,Another instance of the BankBot trojan was identified within an app on the Google Play Store.,Google Play Store,,0,0,0,0,0,0,0,1,0,Software Registry Attacks,Malicious Package,Artifact ,A3,(AV-204) Typosquatting,,unknown,unknown,25/9/2017,1,https://www.welivesecurity.com/2017/09/25/banking-trojan-returns-google-play/,
56,Folx and Elmedia Player installers were distributed with malware from the company's offical release servers.,Folx and Elmedia Player,,0,0,0,0,1,0,0,0,0,"Build, Source, and Publishing Infrastructure Attack",Publishing Infrastructure: Delivery System Compromise,Artifact ,A3,(AV-204) Typosquatting,,unknown,19/10/2017,20/10/2017,2,https://www.welivesecurity.com/2017/10/20/osx-proton-supply-chain-attack-elmedia/,
57,Fake versions of Whatsapp were available within the Google Play Store and appeared to be signed by Whatsapp.,Google Play Store,,0,0,0,0,0,0,0,1,0,Software Registry Attacks,Malicious Package,Artifact ,A3,(AV-204) Typosquatting,,unknown,3/11/2017,3/11/2017,4,https://www.theregister.com/2017/11/03/fake_whatsapp_app/,
58,A fake version of a Whatsapp updater was available within the Google Play Store and appeared to be signed by Whatsapp.,Google Play Store,,0,0,0,0,0,0,0,1,0,Software Registry Attacks,Malicious Package,Artifact ,A3,(AV-204) Typosquatting,,unknown,3/11/2017,3/11/2017,1,https://www.reddit.com/r/Android/comments/7ahujw/psa_two_different_developers_under_the_same_name/dpa4ste/?st=j9nvw7rx&sh=d9977b20,
59,Fake versions of Whatsapp were available within the Google Play Store and appeared to be signed by Whatsapp.,Google Play Store,,0,0,0,0,0,0,0,1,0,Software Registry Attacks,Malicious Package,Artifact ,A3,(AV-204) Typosquatting,,unknown,5/11/2017,5/11/2017,4,https://twitter.com/virqdroid/status/927239025953566726,
60,Another instance of the BankBot trojan was identified within an app on the Google Play Store.,Google Play Store,,0,0,0,0,0,0,0,1,0,Software Registry Attacks,Malicious Package,Artifact ,A3,(AV-204) Typosquatting,,unknown,unknown,9/11/2017,1,https://www.riskiq.com/blog/labs/mobile-bankbot/,
61,"A backdoored version of Bitcoin wallet was planted by the attackers who gained access to the GitHub repository. As a result, those users who downloaded the infected version instead of the official one might have lost their private keys if they created new wallets using this malicious software.",Bitcoin Gold,,0,1,0,0,0,0,0,0,0,"Build, Source, and Publishing Infrastructure Attack",Source Code System Compromise,Artifact ,A3,(AV-204) Typosquatting,,21/11/2017,25/11/2017,26/11/2017,1,https://bitcoingold.org/critical-warning-nov-26/,
62,"At least 3 highly rated games were available on Google Play that included an additional implant, the games had up to 10.5 million downloads when their nefarious behavior was exposed.",Google Play Store,,0,0,0,0,0,0,0,1,0,Software Registry Attacks,Malicious Package,Artifact ,A3,(AV-204) Typosquatting,,unknown,20/11/2017,12/12/2017,3,https://www.securityweek.com/golduck-malware-infects-classic-android-games,
63,Researchers discover scores of malicious Chrome extensions creating Droidclub botnet,Chrome Web Store,,0,0,0,0,0,0,0,1,0,Software Registry Attacks,Malicious Package,Artifact ,A3,(AV-204) Typosquatting,,unknown,unknown,5/2/2018,89,https://blog.trendmicro.com/trendlabs-security-intelligence/malicious-chrome-extensions-found-chrome-web-store-form-droidclub-botnet,
64,"Attackers performed an update poisoning campaign that installed a trojanized version of MediaGet on computers, and then downloaded a cryptominer using the backdoored version.",MediaGet,,0,0,0,0,1,0,0,0,0,"Build, Source, and Publishing Infrastructure Attack",Publishing Infrastructure: Delivery System Compromise,Artifact ,A3,(AV-204) Typosquatting,,12/2/2018,6/3/2018,7/3/2018,1,https://www.microsoft.com/security/blog/2018/03/13/poisoned-peer-to-peer-app-kicked-off-dofoil-coin-miner-outbreak/,
65,"The getcookies npm package contained a potential backdoor, and was introduced as a dependency to several packages, including the popular package mailparser.",npm,,0,0,0,0,0,0,1,0,0,Software Registry Attacks,Dependency Compromise,Artifact ,A3,(AV-204) Typosquatting,,unknown,2/5/2018,2/5/2018,1,https://blog.npmjs.org/post/173526807575/reported-malicious-module-getcookies,
66,"This malware campaign is propagating via socially-engineered links on Facebook and is infecting users by abusing a Chrome Web Store application (Nigelify) that performs credential theft, cryptomining, click fraud and more.",Chrome Web Store,,0,0,0,0,0,0,0,1,0,Software Registry Attacks,Malicious package,Artifact ,A3,(AV-204) Typosquatting,,1/3/2018,3/5/2018,10/5/2018,1,https://blog.radware.com/security/2018/05/nigelthorn-malware-abuses-chrome-extensions/,
67,10 instances of typosquatting attacks that collect and exfiltrate host information were identified.,PyPI,,0,0,0,0,0,0,0,0,1,Software Registry Attacks,Typosquatting,Artifact,A3,(AV-204) Typosquatting,,10/5/2018,11/5/2018,11/5/2018,10,https://github.com/pypa/warehouse/issues/3948,
68,"The app 2048buntu and another app by the same author contained a cryptocurrency mining application disguised as the systemd daemon, along with an init script that provided boot persistence.",Ubuntu Snap,,0,0,0,0,0,0,0,1,0,Software Registry Attacks,Malicious package,Artifact,A3,(AV-205) Built-In Package,,unknown,11/5/2018,11/5/2018,2,https://github.com/canonical-web-and-design/snapcraft.io/issues/651,
69,Criminal group still infecting Android firmware with Cosiloon: Malware Found in the Firmware of 141 Low-Cost Android Devices,Android Handsets,,0,0,1,0,0,0,0,0,0,"Build, Source, and Publishing Infrastructure Attack",Firmware Implant,"Artifact, Resource, Step ","A1, A3, R1, R3, S3","(AV-401) Run malicious build
(AV-300) Inject into sources of legitimate package
(AV-500) Distribute malicious version of legitimate package
(AV-206) Brandjacking",,unknown,unknown,24/5/2018,141,https://www.bleepingcomputer.com/news/security/malware-found-in-the-firmware-of-141-low-cost-android-devices,
70,17 backdoored images were placed on Docker Hub.,Docker Hub,,0,0,0,0,0,0,0,1,0,Software Registry Attacks,Malicious Package,Artifact,"A3,R1,R2,R3","(AV-100) Develop and Advertise
Distinct Malicious Package from Scratch",,25/7/2017,10/5/2018,13/6/2018,17,https://www.bleepingcomputer.com/news/security/17-backdoored-docker-images-removed-from-docker-hub/,
71,IBM Storwize initialization tool ships with malicious code.,IBM Storwize,,0,0,0,0,1,0,0,0,0,"Build, Source, and Publishing Infrastructure Attack",Publishing Infrastructure: Delivery System Compromise,"Artifact, Step","A1, A3, S1, S3","(AV-505) Inject into hosting/update system
(AV-401) Malicious build/update
(AV-700) Compromise maintainer/system",,unknown,unknown,17/6/2018,1,https://www.ibm.com/support/pages/storwize-usb-initialization-tool-may-contain-malicious-code,
72,An unknown entity gained control of an admin account for the Gentoo GitHub Organization and removed all access to the organization (and its repositories) from Gentoo developers. They then proceeded to make various changes to content.,Gentoo,,0,1,0,0,0,1,0,0,0,Software Registry Attacks,Source Code System Compromise,Principal ,"P2, P3","(AV-602/603) takeover / reuse of credentials
(AV-700) compromise maintainer/system",,28/6/2018,28/6/2018,28/6/2018,1,https://wiki.gentoo.org/wiki/Project:Infrastructure/Incident_Reports/2018-06-28_Github,
73,Malware has been discovered in at least three orphaned Arch Linux packages available on AUR (Arch User Repository) that were taken over by a malicious actor.,Arch Linux,,0,0,0,0,0,1,0,1,0,Software Registry Attacks,Malicious Package,Principal/Artifact,"P1,P2,A3","(AV-602) Take-over Legitimate Account, (AV-504) Distribute as Package Maintainer (AV-500) Distribute Malicious Version of Legitimate Package",,7/6/2018,8/7/2018,10/7/2018,3,https://lwn.net/Articles/759461/,
74,"The credit card skimming effort of a massive campaign by a threat group -- dubbed Magecart, operational since at least 2015 -- targets software companies that build and provide code that developers include on their websites to improve the site or customer experience. After the hackers break in and alter the code, it affects every website that it runs on, potentially affecting millions of users every day. At least 800 e-commerce sites are said to be affected, after they included code developed by third-party companies and later altered by hackers.  The ticket selling giant admitted that some customers had their payment data compromised because its website was running code from Inbenta, a customer support software company, which hackers had altered.",Inbenta,,0,0,0,0,0,0,1,0,0,Software Registry Attacks,Dependency Compromise,"Artifact, Resource","A1, A2, R3","(AV-505) inject into hosting
(AV-500) distribute malicious version of vendor code",,unknown,unknown,10/7/2018,1,https://www.zdnet.com/article/ticketmaster-breach-was-part-of-a-larger-credit-card-skimming-effort-analysis-shows/,
75,"An attacker compromised the npm account of an ESLint maintainer and published malicious versions of the eslint-scope and eslint-config-eslint packages to the npm registry. On installation, the malicious packages downloaded and executed code from pastebin.com which sent the contents of the host .npmrc file to the attacker. An .npmrc file typically contains access tokens for publishing to npm.",npm,,0,0,0,0,0,1,0,1,0,Software Registry Attacks,Malicious Package,Principal/Artifact,"P1,P2,P3,A3","(AV-602) Take-over Legitimate Account, (AV-504) Distribute as Package Maintainer (AV-500) Distribute Malicious Version of Legitimate Package",,12/7/2018,12/7/2018,12/7/2018,2,https://eslint.org/blog/2018/07/postmortem-for-malicious-package-publishes,
76,"Attackers compromised a font package installed by a PDF editor application and used it to deploy a cryptocurrency miner on users' computers. Since the PDF editor was installed under SYSTEM privileges, the malicious coinminer code hidden inside the font package would receive full access to the victims' system.",PDF editor application,,0,0,0,0,0,0,1,0,0,Software Registry Attacks,Dependency Compromise,"Artifact, Resource","A1, A3, R1","(AV-500) distribute malicious package)
(AV-505) inject into hosting/update",,1/1/2018,unknown,26/7/2018,1,https://www.microsoft.com/security/blog/2018/07/26/attack-inception-compromised-supply-chain-within-a-supply-chain-poses-new-risks/,
77,there are 145 Google Play apps infected by malicious Microsoft Windows executable files on the Google Play Store. Palo Alto Networks reported the findings to Google Security Team and all infected apps have been removed from Google Play.,Google Play Store,,0,0,0,0,0,0,0,1,0,Software Registry Attacks,Malicious Package,Artifact,"A1, A3, R3, R1",(AV-300) Inject into sources,,unknown,unknown,30/7/2018,145,https://unit42.paloaltonetworks.com/unit42-hidden-devil-development-life-cycle-google-play-apps-infected-windows-executable-files/,
78,Mozilla removes 23 malicious extensions caught spying (including Web Security),Mozilla Add-Ons,,0,0,0,0,0,1,0,1,0,Software Registry Attacks,Malicious Package,Principal/Artifact,"P1,P2,P3,A3,R1,R2,R3","(AV-602) Take-over Legitimate Account, (AV-504) Distribute as Package Maintainer (AV-500) Distribute Malicious Version of Legitimate Package",,unknown,unknown,16/8/2018,23,https://www.bleepingcomputer.com/news/security/mozilla-removes-23-firefox-add-ons-that-snooped-on-users,
79,The threat actors compromised the update server of a remote support solutions provider to deliver a remote access tool called 9002 RAT to their targets of interest through the update process. They carried this out by first stealing the company certificate then using it to sign the malware. They also configured the update server to only deliver malicious files if the client is located in the range of IP addresses of their target organizations.,South Korean remote support solutions provider,,0,0,0,1,1,0,0,0,0,"Build, Source, and Publishing Infrastructure Attack",Publishing Infrastructure: Delivery System Compromise,"Resource, Principal","R1, R3, P2, P3","AV-505 (inject into update/hosting)
AV-603 (reuse of compromised credentials/certs)",,unknown,31/7/2018,21/8/2018,1,https://blog.trendmicro.com/trendlabs-security-intelligence/supply-chain-attack-operation-red-signature-targets-south-korean-organizations/,
80,Schneider Electric battery monitor USB infected with malware (2 SKUs),USB Stick,contaminated with malware during manufacturing at one of schneider's suppliers.,0,0,1,0,0,0,0,0,0,"Build, Source, and Publishing Infrastructure Attack",Firmware Implant,"Artifact, Resource, Step ","A1, A3, S1, R3","AV-300 (inject into sources/manufacturer) 
AV-401 (malicious build/firmware)
AV-500 (distribute malicious hardware/software)",,unknown,unknown,24/8/2018,2,https://www.se.com/ww/en/download/document/SESN-2018-236-01,https://www.dataprivacyandsecurityinsider.com/2018/09/schneider-electric-usbs-infected-with-malware/
81,"Packagist, PHP's Largest Package Repository vulnerable to RCE",Packagist,,0,0,0,0,0,0,1,0,0,Software Registry Attacks,Dependency Compromise,Resource,"R2, R3",AV-505 (inject into hosting/repo),,unknown,unknown,27/8/2018,1,https://www.bleepingcomputer.com/news/security/critical-flaw-fixed-in-packagist-phps-largest-package-repository,
82,MagentoCore card skimming malware added to 7339 Magento online stores,Web hosting site,,0,0,0,0,0,1,0,0,0,Software Registry Attacks,Account Takeover,"Artifact, Resource","A1, A3, R2",(AV-505) Inject into Hosting System,,unknown,unknown,30/8/2018,1,https://www.bleepingcomputer.com/news/security/magentocore-malware-found-on-7-339-magento-stores,
83,Several security researchers have independently found different apps that are collecting sensitive user data and uploading it to servers controlled by the developer.,Apple App Store,,0,0,0,0,0,0,0,1,0,Software Registry Attacks,Malicious Package,"Artifact, Step","A3, S3, A1, A2","AV-100 (malicious or privacy-violating package)
AV-300 (subvert legitimate package to add exfiltration)",,unknown,unknown,7/9/2018,3,https://blog.malwarebytes.com/threat-analysis/2018/09/mac-app-store-apps-are-stealing-user-data/,
84,smplejson was created to mimic the simplejson package in the standard library.  It collects and exfiltrates host information.,PyPI,,0,0,0,0,0,0,0,0,1,Software Registry Attacks,Typosquatting,Artifact,A3,(AV-204) Typosquatting,,29/4/2016,12/10/2018,12/10/2018,8,https://medium.com/@bertusk/detecting-cyber-attacks-in-the-python-package-index-pypi-61ab2b585c67,
85,An unknown hacker injected credential logging and exfiltration code into VestaCP installation scripts.,VestaCP,,1,0,0,0,0,0,0,0,0,"Build, Source, and Publishing Infrastructure Attack",Build System Compromise,"Step, Principal, Resource","P2, R1, R3, S1, S3","AV-300 (inject into sources/installer)
AV-401 (malicious build/script)
AV-505 (host compromise to serve malicious installer)",,31/5/2018,19/9/2018,18/10/2018,1,https://www.welivesecurity.com/2018/10/18/new-linux-chachaddos-malware-distributed-servers-vestacp-installed/,
86,The colourama package is typo-squatting the popular PyPI package named colorama. The colourama package contains a malware dropper which targets Windows machines and downloads a second stage that implements a cryptocurrency clipboard hijacker written in VBScript. ,PyPI,,0,0,0,0,0,0,0,0,1,Software Registry Attacks,Typosquatting,Artifact,A3,(AV-204) Typosquatting,,5/12/2017,20/10/2018,20/10/2018,1,https://medium.com/@bertusk/cryptocurrency-clipboard-hijacker-discovered-in-pypi-repository-b66b8a534a8,
87,"StatCounter was compromised, and a cryptocurrency stealing script for gate.io was added to a JavaScript resource used by StatCounter customers.",StatCounter,,0,0,0,0,0,0,1,0,0,Software Registry Attacks,Dependency Compromise,Resource,"R1, R3",AV-505 (inject into hosting),,3/11/2018,6/11/2018,6/11/2018,1,https://www.welivesecurity.com/2018/11/06/supply-chain-attack-cryptocurrency-exchange-gate-io/,
88,13 apps containing adware are available for download in the Google Play Store.,Google Play Store,,0,0,0,0,0,0,0,1,0,Software Registry Attacks,Malicious Package,Resource,"R1, R3",AV-100 (malicious/adware packages),,unknown,unknown,19/11/2018,13,https://twitter.com/LukasStefanko/status/1064507886896844800,
89,"A malicious developer modified event-stream to then depend on a malicious package, flatmap-stream. ",npm,,0,0,0,0,0,1,1,0,0,Software Registry Attacks,Dependency Compromise,Resource,"R1, R3","AV-509 (abuse dependency resolution)
",,4/9/2018,20/11/2018,20/11/2018,1,https://github.com/dominictarr/event-stream/issues/116#issuecomment-441759047,
90,Malicious dependency in AndroidAudioRecorder steals make and model info,jcenter and bintray,,0,0,0,0,0,0,0,1,0,Software Registry Attacks,Malicious Package,"Artifact, Step","A1, A3, S1","(AV-500) Distribute malicious version of legitimate package
(AV-300) Inject into sources of legitimate package
",,unknown,unknown,2/12/2018,1,https://blog.autsoft.hu/a-confusing-dependency/,https://www.theregister.com/2023/05/24/a_legit_android_app_turned/
91,Auto Font Manager malicious Chrome extension APT,Chrome Web Store,,0,0,0,0,0,0,0,1,0,Software Registry Attacks,Malicious Package,Artifact,"A1, A3",AV-100 (malicious package/extension),,unknown,unknown,5/12/2018,1,https://www.zdnet.com/article/cyber-espionage-group-uses-chrome-extension-to-infect-victims,
92,9 instances of typosquatting attacks that collect and exfiltrate host information were identified.,PyPI,"Two packages reported here also are listed in https://medium.com/@bertusk/detecting-cyber-attacks-in-the-python-package-index-pypi-61ab2b585c67 and not included in this attack count
Five packages reported here also are listed in https://github.com/pypa/warehouse/issues/3948 and not included in this attack count",0,0,0,0,0,0,0,0,1,Software Registry Attacks,Typosquatting,Artifact,A3,(AV-204) Typosquatting,,3/3/2016,9/12/2018,9/12/2018,2,https://github.com/rsc-dev/pypi_malware,
93,14 games were available on the App Store that included an additional implant.,Apple App Store,,0,0,0,0,0,0,0,1,0,Software Registry Attacks,Malicious Package,Artifact,"A1,A2,A3",AV-500 (distribute malicious version of legitimate package),,unknown,unknown,5/1/2019,14,https://www.wandera.com/risky-apps/,
94,MageCart malware injected into French ad agency Adverline,Adverline JavaScript,,0,0,0,0,1,0,0,0,0,"Build, Source, and Publishing Infrastructure Attack",Publishing Infrastructure: Delivery System Compromise,"Artifact, Resource","A1, A3, R2",(AV-505) Inject into Hosting System,,unknown,unknown,19/1/2019,277,https://www.bleepingcomputer.com/news/security/magecart-skimmer-hits-hundreds-of-sites-in-ad-supply-chain-attack,
95,"The pytz3-dev package is typo-squatting the popular PyPI package named pytz.  The pytz3-dev package contains malicious code that searches for a Discord authentication token stored in a SQLite database, and exfiltrates the token if one is found.",PyPI,,0,0,0,0,0,0,0,0,1,Software Registry Attacks,Typosquatting,Artifact,A3,(AV-204) Typosquatting,,17/9/2018,20/1/2019,20/1/2019,1,https://medium.com/@bertusk/discord-token-stealer-discovered-in-pypi-repository-e65ed9c3de06,
96,Malicious PEAR (PHP package manager) executable was uploaded to official PHP PEAR website,PHP,Compromise date was approximately six months before detection according to article.,0,0,0,0,0,0,0,1,0,Software Registry Attacks,Malicious Package,Artifact,A1.A3,"(AV-505) Inject into Hosting System, (AV-500)Distribute Malicious Version of Legitimate Package",,23/7/2018,18/1/2019,23/1/2019,1,https://www.zdnet.com/article/mystery-still-surrounds-hack-of-php-pear-website/,
97,A malicious version of the jxplorer Linux installer was uploaded to a github repo that was promoted to appear legitimate. ,jxplorer,The research the resulted in this article was performed in February 2019.,0,0,0,0,1,0,0,0,0,"Build, Source, and Publishing Infrastructure Attack",Publishing Infrastructure: Delivery System Compromise,"Artifact, Resource","A1-A3, R3","(AV-500) Distribute malicious version of legitimate package
(AV-207) Similarity attack",,unknown,28/2/2019,7/3/2019,1,https://dfir.it/blog/2019/02/26/the-supreme-backdoor-factory/,
98,"Malware was seamlessly integrated into the code of recently compiled legitimate applications, likely through a trojanized Visual Studio development environment used by software coders in the organization.  Several gaming companies, an IT services company, a conglomerate holding company and a pharmaceutical company were compromised in this attack.",Visual Studio,,1,0,0,0,0,0,0,0,0,"Build, Source, and Publishing Infrastructure Attack",Build System Compromise,Resource,"R1R2,R3",(AV-703) Infect through Malicious Component,,13/11/2018,1/2/2019,11/3/2019,1,"https://usa.kaspersky.com/blog/details-shadow-hammer/17576/
https://securelist.com/operation-shadowhammer-a-high-profile-supply-chain-attack/90380/
https://www.welivesecurity.com/2019/03/11/gaming-industry-scope-attackers-asia/",
99,"This particular strain of Adware was found in 206 applications, and the combined download count has reached almost 150 million. Google was swiftly notified and removed the infected applications from the Google Play Store.  The malware resides within the RXDroider Software Development Kit (SDK), which is provided by addroider[.]com as an ad-related SDK. The researchers believe the developers were scammed to use this malicious SDK, unaware of its content, leading to the fact that this campaign was not targeting a specific county or developed by the same developer. The malware has been dubbed SimBad due to the fact that a large portion of the infected applications are simulator games.",Google Play Store,,0,0,0,0,0,0,1,0,0,Software Registry Attacks,Dependency Compromise,"Resource, Artifact","A3, A1, R3","(AV-100) Develop and advertise distinct malicious package from scratch

(AV-509) Abuse dependency resolution mechanism",,unknown,unknown,13/3/2019,1,https://research.checkpoint.com/2019/simbad-a-rogue-adware-campaign-on-google-play/,
100,Check Point Research has recently discovered a group of Android applications massively harvesting contact information on mobile phones without user consent. The data stealing logic hides inside a data analytics Software Development Kit (SDK) seen in up to 12 different mobile applications and has so far been downloaded over 111 million times.,Android Apps,,0,0,0,0,0,0,1,0,0,Software Registry Attacks,Dependency Compromise,"Resource, Step ","R3, S1",(AV-509) Abuse dependency resolution mechanism,,unknown,15/9/2018,13/3/2019,1,https://research.checkpoint.com/2019/operation-sheep-pilfer-analytics-sdk-in-action/,
101,The ASUS software update tool was distributed with malware from the company's offical release servers. ASUS distributes malicious updates to 500k customers: ShadowHammer,ASUS,Was digitally-signed as Asus,0,0,0,1,1,0,0,0,0,"Build, Source, and Publishing Infrastructure Attack",Publishing Infrastructure: Delivery System Compromise,"Resource, Step ","R3, S3,","(AV-505) Inject into hosting system
(AV-500) Distribute malicious version of legitimate package",,1/6/2018,29/1/2019,25/3/2019,1,"https://securelist.com/operation-shadowhammer/89992/
https://www.vice.com/en_us/article/pan9wn/hackers-hijacked-asus-software-updates-to-install-backdoors-on-thousands-of-computers",
102,"Exodus is an Android spyware platform available on the Google Play Store, disguised as service applications from mobile operators.",Google Play Store,,0,0,0,0,0,0,0,1,0,Software Registry Attacks,Malicious Package,Artifact,"A3,R1,R2,R3","(AV-200) Create Name Confusion
with Legitimate Package (AV-206) Brandjacking",,unknown,unknown,29/3/2019,1,https://securitywithoutborders.org/blog/2019/03/29/exodus.html,https://www.bitdefender.com/en-us/blog/hotforsecurity/italian-android-spyware-infected-google-play-store-for-years-researchers-find
103,A malicious version of the popular bootstrap-sass package  was published to the official RubyGems repository.,RubyGems.org,,0,0,0,0,0,1,0,1,0,Software Registry Attacks,Malicious Package,Artifact/Principal ,"A3, P1,P2,P3,R1,R2,R3","(AV-602) Take-over Legitimate Account, (AV-504) Distribute as Package Maintainer (AV-500) Distribute Malicious Version of Legitimate Package",,26/3/2019,26/3/2019,3/4/2019,1,https://snyk.io/blog/malicious-remote-code-execution-backdoor-discovered-in-the-popular-bootstrap-sass-ruby-gem/,
104,PrismWeb-powered online stores Infected with Card Stealing malware,PrismWeb JavaScript,,0,0,0,0,1,0,0,0,0,"Build, Source, and Publishing Infrastructure Attack",Publishing Infrastructure: Delivery System Compromise,"Resource, Step","R3, S3, S1","(AV-505) Inject into hosting system
(AV-206) Brandjacking",,14/4/2019,26/4/2019,3/5/2019,201,https://www.bleepingcomputer.com/news/security/over-200-college-campus-stores-infected-with-card-stealing-scripts,
105,Versions 0.28 - 0.31 of the ssh-decorate PyPI package would capture and exfiltrate SSH credentials.,PyPI,,0,0,0,0,0,1,0,1,0,Software Registry Attacks,Malicious Package,Artifact/Principal ,"A3, P1,P2,P3,R1,R2,R3","(AV-602) Take-over Legitimate Account, (AV-504) Distribute as Package Maintainer (AV-500) Distribute Malicious Version of Legitimate Package",,4/5/2018,8/5/2019,8/5/2019,1,"https://www.reddit.com/r/Python/comments/8hvzja/backdoor_in_sshdecorator_package/
https://www.bleepingcomputer.com/news/security/backdoored-python-library-caught-stealing-ssh-credentials/",
106,The security seal as sold by @bestoftheweb contains even 2 different keystroke loggers.,JavaScript,,0,0,0,0,1,0,0,0,0,"Build, Source, and Publishing Infrastructure Attack",Publishing Infrastructure: Delivery System Compromise,Artifact,"A3,P1,P2,P3,R1,R2,R3",(AV-505) Inject into Hosting System,,24/4/2019,13/5/2019,13/5/2019,1,https://twitter.com/gwillem/status/1127890329175244800,
107,Malicious npm dependency  electron-native-notify added to EasyDEX-GUI application used by the Agama cryptowallet app,JavaScript,malicious code added to dependency in the build chain for Agama (a cryptocurrency wallet) - found stealing the wallet seeds and other login passphrases used within the application.,0,0,0,0,0,0,1,0,0,Software Registry Attacks,Dependency Compromise,Artifact/ Step,"A3, R1,R2,R3","(AV-100) Develop and Advertise
Distinct Malicious Package from Scratch",,23/3/2019,4/6/2019,5/6/2019,1,https://blog.npmjs.org/post/185397814280/plot-to-steal-cryptocurrency-foiled-by-the-npm,
108,"The author shaggy has uploaded 23 malicious packages, mainly focused on crypto mining and cookie/password stealing.",RubyGems.org,,0,0,0,0,0,0,0,1,0,Software Registry Attacks,Malicious Package,Artifact,A3,"(AV-100) Develop and Advertise
Distinct Malicious Package from Scratch",,unknown,19/6/2019,19/6/2019,23,https://github.com/rubygems/rubygems.org/issues/2034,
109,Criminals in 2017 managed to get an advanced backdoor preinstalled on Android devices before they left the factories of manufacturers.,Android Handsets,,0,0,1,0,0,0,0,0,0,"Build, Source, and Publishing Infrastructure Attack",Firmware Implant,Artifact,A3,"(AV-300) Inject into Sources of Legitimate Package, (AV-302) Contribute as Maintainer",,unknown,unknown,20/6/2019,1,https://www.schneier.com/blog/archives/2019/06/backdoor_built_.html,
110,The passgen Ruby Gem included a backdoor in the latest release.,RubyGems.org,,0,0,0,0,0,0,0,1,0,Software Registry Attacks,Malicious Package,Principal/Artifact,"P1,P2,P3,A3","(AV-602) Take-over Legitimate Account , (AV-504) Distribute as Package Maintainer (AV-500) Distribute Malicious Version of Legitimate Package ,",,unknown,26/6/2019,26/6/2019,1,https://help.rubygems.org/discussions/problems/36541-reporting-backdoor-on-passgen,https://www.securityweek.com/malicious-code-planted-strongpassword-ruby-gem/
111,The RubyGems.org account of the strong_password RubyGem creator was compromised and a malicious payload was added to a new version.,RubyGems.org,allows for remote code execution in applications bundling the vulnerable dependency.,0,0,0,0,0,1,0,1,0,Software Registry Attacks,Malicious Package,Principal/Artifact,"P1,P2,P3, A3, R1,R2,R3","(AV-602) Take-over Legitimate Account, (AV-504) Distribute as Package Maintainer (AV-500) Distribute Malicious Version of Legitimate Package",,25/6/2019,28/6/2019,3/7/2019,1,https://withatwist.dev/strong-password-rubygem-hijacked.html,
112,A Canonical owned account on GitHub whose credentials were compromised was used to create repositories and issues among other activities. ,Canonical,,1,1,0,0,0,1,0,0,0,Software Registry Attacks,Source Code System Compromise,Principal,P1/P2,(AV-602) Take-over Legitimate Account,,6/7/2019,6/7/2019,6/7/2019,1,https://twitter.com/ubuntu_sec/status/1147675201632473088,
113,A malicious party gained access to the archive server and infected all archived executables on the server with a trojan/virus dropper.  ,Pale Moon,,0,0,0,0,1,0,0,0,0,"Build, Source, and Publishing Infrastructure Attack",Publishing Infrastructure: Delivery System Compromise,Resource/Artifact/Actor,"R1,R2,R3,A1,A3, P2","(AV-505) Inject into Hosting System, (AV-600) Compromise User (Project Maintainer/Administrator) or  (AV-700) Compromise Hosting System",,1/5/2019,9/7/2019,10/7/2019,1,https://forum.palemoon.org/viewtopic.php?f=17&t=22526,
114,Former PureScript installer maintainer inserted malicious code into PureScript npm installer dependencies after being removed as a maintainer of the PureScript installer project.,JavaScript,,0,0,0,0,0,1,1,0,0,Software Registry Attacks,Dependency Compromise,"Artifact, Principal","A1, A3, P1, P3","(AV-300) Inject into Sources of Legitimate Package, (AV-302) Contribute as Maintainer",,5/7/2019,5/7/2019,12/7/2019,1,https://harry.garrood.me/blog/malicious-code-in-purescript-npm-installer/,
115,"An app called OpenGL Plugin contains malware that executes commands, allowing the criminals to remotely control the infected Android devices and spy on users.",Google Play Store,,0,0,0,0,0,0,0,1,0,Software Registry Attacks,Malicious Package,Artifact,"A1,A2,A3","(AV-100) Develop malicious package
(AV-207) Similarity attack",,unknown,unknown,12/7/2019,1,https://news.drweb.com/show/?c=0&p=0&lng=en&i=13349,
116,"libpeshnx was a backdoored package with a C2 channel built in. Reversing Labs scanned all of PyPI with a static analysis tool (their own Titanium Platform) and found this malicious package, plus 4 others.",PyPI,,0,0,0,0,0,0,0,1,0,Software Registry Attacks,Malicious Package,Artifact,"A1,A2,A3","(AV-100) Develop malicious package
",,23/11/2017,9/7/2019,17/7/2019,5,https://blog.reversinglabs.com/blog/suppy-chain-malware-detecting-malware-in-package-manager-repositories,https://www.reversinglabs.com/blog/suppy-chain-malware-detecting-malware-in-package-manager-repositories
117,All gems where homografo is the owner were yanked because 168 out of 226 gem names were invalid as per Levenshtein rule.,RubyGems.org,,0,0,0,0,0,0,0,0,1,Software Registry Attacks,Typosquatting,Artifact,A3,(AV-204) Typosquatting,,unknown,unknown,20/7/2019,226,"https://gist.github.com/sonalkr132/0af1746c14b42a41e01d20fffbed585b
https://github.com/rubygems/rubygems.org/wiki/Gems-yanked-and-accounts-locked",
118,An unknown hacker injected a backdoor that allowed for execution of arbitrary commands as root into Webmin 1.890 through 1.921 by modifying a source file on the development build server.,Webmin,,0,0,0,0,0,0,0,0,0,"Build, Source, and Publishing Infrastructure Attack",Build System Compromise,"Resource, Step","R3, S1, S3",(AV-300) Inject into sources of legitimate package,,1/4/2018,10/8/2019,10/8/2019,1,http://webmin.com/exploit.html,
119,The RubyGems.org account of the rest-client RubyGem creator was compromised and a malicious payload was added to a new version.,RubyGems.org,,0,0,0,0,0,1,0,1,0,Software Registry Attacks,Malicious Package,Principal/Artifact,"P1,P2,P3, A3, R1,R2,R3","(AV-602) Take-over Legitimate Account, (AV-504) Distribute as Package Maintainer (AV-500) Distribute Malicious Version of Legitimate Package",,13/8/2019,19/8/2019,19/8/2019,1,https://github.com/rest-client/rest-client/issues/713,
120,"The RubyGems.org codebase was searched for malware and mining software, and several instances were found.",RubyGems.org,,0,0,0,0,0,0,0,1,0,Software Registry Attacks,Malicious Package,Artifact,A3,(AV-500) Distribute Malicious Version of Legitimate Package (AV-504) Distribute as Package Maintainer (AV-602) Take-over Legitimate Account,,unknown,19/8/2019,19/8/2019,8,https://github.com/rubygems/rubygems.org/issues/2097,
121,bb-builder was created to mimic the bb-build package using the account of a developer with hundreds of legitmate JavaScript packages.  It collects and exfiltrates passwords stored within a browser.,npm,,0,0,0,0,0,0,0,0,1,Software Registry Attacks,Typosquatting,Artifact,A3,(AV-204) Typosquatting,,4/3/2018,21/8/2019,21/8/2019,1,https://blog.reversinglabs.com/blog/the-npm-package-that-walked-away-with-all-your-passwords,https://www.reversinglabs.com/blog/the-npm-package-that-walked-away-with-all-your-passwords
122,Recent versions of the app shipped with an advertising library containing a malicious module.,CamScanner,,0,0,0,0,0,0,0,1,0,Software Registry Attacks,Malicious Package,Artifact,A3,(AV-500) Distribute Malicious Version of Legitimate Package,,16/6/2019,27/8/2019,27/8/2019,1,"https://www.kaspersky.com/blog/camscanner-malicious-android-app/28156/
https://www.androidpolice.com/2019/08/28/camscanner-play-store-malware/",
123,Mobile applications to track a device's communications or location were published to the Google Play Store.,Google Play Store,,0,0,0,0,0,0,0,1,0,Software Registry Attacks,Malicious Package,Artifact,A3,(AV-100) Develop and Advertise Distinct Malicious Package from Scratch ,,unknown,unknown,3/10/2019,2,https://research.checkpoint.com/2019/the-eye-on-the-nile/,
124,Czech antivirus vendor Avast on Monday warned that hackers were able to access its internal network using a temporary VPN account.,CCleaner,Avast said it believes that threat actors are again looking to target CCleaner in a supply chain attack,0,0,0,0,1,0,0,0,0,"Build, Source, and Publishing Infrastructure Attack",Publishing Infrastructure: Delivery System Compromise,"Principal, Resource","P2, P3, R1, R3","(AV-602) Take-over of legitimate account
(AV-603) Reuse of compromised credentials
(AV-700) Compromise system",,unknown,24/9/2019,21/10/2019,1,https://threatpost.com/avast-network-breached-as-hackers-target-ccleaner-again/149358,
125,Wandera's threat research team has discovered 17 apps on the Apple App Store that are infected with clicker trojan malware. ,Apple App Store,,0,0,0,0,0,0,0,1,0,Software Registry Attacks,Malicious Package,Artifact,A3,(AV-100) Develop and Advertise Distinct Malicious Package from Scratch ,,unknown,unknown,24/10/2019,17,https://www.wandera.com/ios-trojan-malware/,"https://www.jamf.com/blog/ios-trojan-malware/#:~:text=*%20Wandera's%20initial%20list%20of%20infected,to%20account%20for%20this%20discovery."
126,A package (or gem) named basic_authable was removed from RubyGems by the maintainers.,RubyGems,,0,0,0,0,0,0,0,1,0,Software Registry Attacks,Malicious Package,Artifact,A3,"(AV-100) Develop and Advertise
Distinct Malicious Package from Scratch",,unknown,unknown,29/10/2019,1,https://github.com/rubygems/rubygems.org/wiki/Gems-yanked-and-accounts-locked,
127,"In December 2017, TAG discovered a series of campaigns from Sandworm attempting to deploy Android malware. The first campaign targeted users in South Korea, where Sandworm was modifying legitimate Android applications with malware. They then uploaded these modified apps to the Play Store using their own attacker-controlled developer accounts. During this campaign, Sandworm uploaded eight different apps to the Play Store, each with fewer than 10 total installs. 
We also identified an earlier September 2017 Android campaign from Sandworm where they used similar tactics and deployed a fake version of the UKR.net email app on the Play Store. This application had approximately 1,000 total installs. We worked with our colleagues on the Google Play Protect Team to write detections for this malware family, and eliminate it.",Google Play Store,,0,0,0,0,0,0,0,1,0,Software Registry Attacks,Malicious Package,Actor/Artifact,"P1,P2,P3,P4 , A3,A1","(AV-500) Distribute Malicious Version of Legitimate Package, (AV-602) Take-over Legitimate Account",,1/9/2017,15/12/2017,26/11/2019,9,https://blog.google/threat-analysis-group/protecting-users-government-backed-hacking-and-disinformation/,
128," There is a fake version of dateutil called python3-dateutil on PyPI that contains additional imports of the jeIlyfish package (itself a fake version of the jellyfish package, that first L is an I). That package in turn contains malicious code",PyPI,,0,0,0,0,0,0,0,0,1,Software Registry Attacks,Typosquatting,Artifact,A3, (AV-204) Typosquatting,,29/11/2019,1/12/2019,1/12/2019,1,https://github.com/dateutil/dateutil/issues/984,
129,"The White Ops Threat Intelligence team recently identified 100+ malicious apps, with more than 4.6 million downloads, performing ad fraud. All of the apps use a common code package White Ops has dubbed Soraka (com.android.sorakalibrary.*). In addition to the Soraka code package, we also discovered, in some of the apps, a variant with similar functionality which we dubbed Sogo (com.android.sogolibrary.*).",Google Play Store,,0,0,0,0,0,0,0,1,0,Software Registry Attacks,Malicious Package,Artifact,"A1, A3, P1, P3","(AV-100) Malicious package
(AV-509) Abuse dependency mechanism",,unknown,unknown,19/12/2019,116,https://www.whiteops.com/blog/bringing-starchild-down-to-earth-soraka-sdk,
130,Chrome extension stealing crypto-wallet private keys: Shitcoin Wallet,Chrome Web Store,,0,0,0,0,0,0,0,1,0,Software Registry Attacks,Malicious Package,Artifact,A3,(AV-100) Malicious package,,9/12/2019,unknown,1/1/2020,1,https://www.zdnet.com/article/chrome-extension-caught-stealing-crypto-wallet-private-keys,
131,Trend Micro found three malicious apps in the Google Play Store that work together to compromise devices and collect user information.,Google Play Store,,0,0,0,0,0,0,0,1,0,Software Registry Attacks,Malicious Package,Artifact,A3,(AV-100) Malicious package,,1/3/2019,unknown,6/1/2020,3,https://www.trendmicro.com/en_us/research/20/a/first-active-attack-exploiting-cve-2019-2215-found-on-google-play-linked-to-sidewinder-apt-group.html,
132,"A United States-funded mobile carrier that offers phones via the Lifeline Assistance program is selling a mobile device pre-installed with not one, but two nefarious applications.",Android Handsets,,0,0,1,0,0,0,0,0,0,"Build, Source, and Publishing Infrastructure Attack",Firmware Implant,"Artifact, Topology","A3, T3",N/A,,unknown,31/10/2019,9/1/2020,1,https://blog.malwarebytes.com/android/2020/01/united-states-government-funded-phones-come-pre-installed-with-unremovable-malware/,
133,Malicious npm package leaked data from UNIX systems - 1337qq-js,npm,,0,0,0,0,0,0,0,1,0,Software Registry Attacks,Malicious Package,Artifact,A3,(AV-100) Malicious package,,30/12/2019,unknown,14/1/2020,,https://www.computing.co.uk/news/3085001/npm-unix-security,
134,"Six researchers from Georgia Tech (last author is Wenke Lee) build an analytical pipeline to analyze PyPI, Npm, and rubygems for malware. They identify 278 confirmed malware packages, including three with over 100K downloads, but do not provide a list of compromised packages.","npm, PyPi, RubyGems.org","To be conservative, it is assumed that all of the identified packages have been reported elsewhere.",0,0,0,0,0,0,0,1,0,Software Registry Attacks,Malicious Package,Artifact,A3,"(AV-204) Typosquatting, (AV-602) Take-over Legitimate Account (AV-800) Become a Maintainer (AV-700) Compromise Maintainer System (AV-702) Exploit Vulnerabilities",,unknown,unknown,4/2/2020,0,https://arxiv.org/pdf/2002.01139.pdf,
135,500 Chrome extensions were found to infect users' browsers and exfiltrate data as part of a larger campaign.,Chrome Web Store,,0,0,0,0,0,0,0,1,0,Software Registry Attacks,Malicious Package,Artifact ,A3,"(AV-100) Develop and Advertise
Distinct Malicious Package from Scratch",,23/6/2017,1/9/2019,13/2/2020,500,https://duo.com/labs/research/crxcavator-malvertising-2020,
136,colby-swandale Gem yanked for unspecified reason,RubyGems.org,,0,0,0,0,0,0,0,1,0,Software Registry Attacks,Malicious Package,Artifact ,A3,"(AV-100) Develop and Advertise
Distinct Malicious Package from Scratch",,unknown,unknown,27/2/2020,1,https://github.com/rubygems/rubygems.org/wiki/Gems-yanked-and-accounts-locked#27-february-2020,
137,"The RubyGems.org codebase was searched for typosquatting packages that contained malware, and over 700 instances were found.",RubyGems.org,,0,0,0,0,0,0,0,0,1,Software Registry Attacks,Typosquatting,Artifact,A3,(AV-204) Typosquatting,,unknown,25/2/2020,16/4/2020,725,https://blog.reversinglabs.com/blog/mining-for-malicious-ruby-gems,"https://thehackernews.com/2020/04/rubygem-typosquatting-malware.html#:~:text=ReversingLabs%20said%20the%20typosquatted%20packages,package%20names%2C%22%20it%20added"
138,The gem name pp was typosquatting on the standard library package of the same name.,RubyGems.org,,0,0,0,0,0,0,0,0,1,Software Registry Attacks,Typosquatting,Artifact,A3,(AV-204) Typosquatting,,unknown,19/4/2020,19/4/2020,1,https://github.com/rubygems/rubygems.org/issues/1959,
139,Attackers published spyware using a backdoor trojan injected in apps available in the Google Play store.,Google Play Store,,0,0,0,0,0,0,0,1,0,Software Registry Attacks,Malicious Package,Artifact,A3,(AV-204) Typosquatting,,1/1/2016,12/7/2019,28/4/2020,8,https://securelist.com/apt-phantomlance/96772/,
140,"Researchers identified 174 malicious software packages that were used in real-world attacks on open source software supply chains, and which were distributed via the popular package repositories npm, PyPI, and RubyGems from November 2015 to November 2019.","npm, PyPi, RubyGems.org","There are 80 unique npm packages, 15 unique PyPI packages, and 48 unique RubyGems packages.",0,0,0,0,0,0,0,1,0,Software Registry Attacks,Malicious Package,Artifact,A3,(AV-204) Typosquatting,,1/11/2015,30/11/2019,19/5/2020,143,https://dasfreak.github.io/Backstabbers-Knife-Collection/,
141,"Github was hosting the Octopus Scanner malware designed to enumerate and backdoor NetBeans projects, and which uses the build process and its resulting artifacts to spread itself.
In the course of our investigation we uncovered 26 open source projects that were backdoored by this malware and that were actively serving backdoored code.",Github,The malware's end goal was to install a remote access trojan and grant hackers access to highly sensitive workstations were sensitive projects were being developed.,1,0,0,0,0,0,0,0,0,"Build, Source, and Publishing Infrastructure Attack",Build System Compromise,Artifact,A3,(AV-204) Typosquatting,,unknown,9/3/2020,28/5/2020,1,https://securitylab.github.com/research/octopus-scanner-malware-open-source-supply-chain,
142,"Awake have harvested 111 malicious or fake Chrome extensions using GalComm domains for attacker command and control infrastructure and/or as loader pages for the extensions. These extensions can take screenshots, read the clipboard, harvest credential tokens stored in cookies or parameters, grab user keystrokes (like passwords), etc.",Chrome Web Store,,0,0,0,0,0,0,0,1,0,Software Registry Attacks,Malicious Package,Artifact,A3,(AV-204) Typosquatting,,unknown,unknown,18/6/2020,111,https://awakesecurity.com/blog/the-internets-new-arms-dealers-malicious-domain-registrars/,
143,the GoldenSpy malware is installed as part of the mandated Chinese Golden Tax VAT software produced by Aisino.,Golden Tax,,0,0,0,0,1,0,0,0,0,"Build, Source, and Publishing Infrastructure Attack",Publishing Infrastructure: Delivery System Compromise,Artifact,A3,(AV-204) Typosquatting,,unknown,30/4/2020,25/6/2020,1,https://www.trustwave.com/en-us/resources/blogs/spiderlabs-blog/the-golden-tax-department-and-the-emergence-of-goldenspy-malware/,
144,"Numerous OLT models made by CDATA have multiple vulnerabilities in the device firmware that allow for remote access, code execution, decyryption of data, and other exploits.  The reseacher who discovered these vulnerabilities believes they were intentionally included.",CDATA OLT,,0,0,1,0,0,0,0,0,0,"Build, Source, and Publishing Infrastructure Attack",Firmware Implant,Artifact,A3,(AV-204) Typosquatting,,unknown,27/12/2019,7/7/2020,1,https://pierrekim.github.io/blog/2020-07-07-cdata-olt-0day-vulnerabilities.html,
145,"MalwareBytes found another phone model with pre-installed malware provided from the Lifeline Assistance program via Assurance Wireless by Virgin Mobile.  This time, an ANS (American Network Solutions) UL40 running Android OS 7.1.1.",Android Handsets,,0,0,1,0,0,0,0,0,0,"Build, Source, and Publishing Infrastructure Attack",Firmware Implant,Artifact,A3,(AV-204) Typosquatting,,unknown,unknown,8/7/2020,1,https://blog.malwarebytes.com/android/2020/07/we-found-yet-another-phone-with-pre-installed-malware-via-the-lifeline-assistance-program/,
146,11 apps containing the Joker malware were found in the Google Play Store.,Google Play Store,,0,0,0,0,0,0,0,1,0,Software Registry Attacks,Malicious Package,Artifact,A3,(AV-204) Typosquatting,,unknown,unknown,9/7/2020,11,https://research.checkpoint.com/2020/new-joker-variant-hits-google-play-with-an-old-trick/,
147,"typosquatting package called 'request' (original package 'requests'), the package connects to a C&C server and waits for a command",PyPI,,0,0,0,0,0,0,0,0,1,Software Registry Attacks,Typosquatting,Artifact,A3,(AV-204) Typosquatting,,31/7/2020,4/8/2020,4/8/2020,1,https://medium.com/@vuducly151092/analyzing-the-python-typosquatting-malicious-request-package-e80aeda925b0,
148,"Secure-D, has blocked millions of suspicious subscription requests coming from low-end devices made by Transsion, a Chinese manufacturer of affordable smartphones for the African market. Many of the transaction requests originating from applications seem to be coming from a family of apps called com.mufc, whose source is unknown and which cannot be downloaded from any Android app store. Tecno W2 devices came with Triada-related malware pre-installed.",Android Handsets,,0,0,1,0,0,0,0,0,0,"Build, Source, and Publishing Infrastructure Attack",Firmware Implant,Artifact,A3,(AV-204) Typosquatting,,unknown,1/3/2019,24/8/2020,1,https://www.upstreamsystems.com/well-known-malware-committing-click-ad-fraud-low-end-devices-emerging-markets-uncovered-secure-d/,
149,fallguys contained malicious code that attempted to read local sensitive files and exfiltrate information through a Discord webhook.,npm,,0,0,0,0,0,0,0,1,0,Software Registry Attacks,Malicious Package,Artifact,A3,(AV-204) Typosquatting (AV-206) Brandjacking,,18/8/2020,25/8/2020,25/8/2020,1,https://www.npmjs.com/advisories/1552,"https://www.sonatype.com/blog/inside-the-fallguys-malware#:~:text=Inside%20the%20%22Fallguys%22%20Malware%20That,and%20access%20the%20following%20files"
150,17 apps containing the Joker malware were found in the Google Play Store.,Google Play Store,,0,0,0,0,0,0,0,1,0,Software Registry Attacks,Malicious Package,Artifact,A3,(AV-204) Typosquatting,,unknown,unknown,27/9/2020,17,https://www.zdnet.com/article/google-removes-17-android-apps-doing-wap-billing-fraud-from-the-play-store/,
151,Sonatype researchers discovered and confirmed the presence of four malicious npm packages named as misspellings of popular products.,npm,,0,0,0,0,0,0,0,0,1,Software Registry Attacks,Typosquatting,Artifact,A3,(AV-204) Typosquatting,,17/8/2020,24/8/2020,30/9/2020,4,https://blog.sonatype.com/sonatype-spots-malicious-npm-packages,
152,pandar was created to mimic pandac or pandas. It collects and exfiltrates user key strokes. IQT's pypi-scan was used to find this typosquatter. The package was reported to PyPI and subsequently removed.,PyPI,,0,0,0,0,0,0,0,0,1,Software Registry Attacks,Typosquatting,Artifact,A3,(AV-204) Typosquatting,,20/5/2020,16/6/2020,16/10/2020,1,https://www.iqt.org/pypi-scan/,"https://www.iqt.org/library/pypi-scan-a-tool-for-scanning-the-python-package-index-for-typosquatters#:~:text=Cyber-,pypi%2Dscan:%20A%20Tool%20for%20Scanning%20the%20Python%20Package%20Index,or%20mimicking%20popular%20package%20names."
153,"The old maintainer appears to have sold the extension to parties unknown, who have malicious intent. In v7.1.8 of the extension, arbitrary code was executed from a remote server, which appeared to be used to commit a variety of tracking and fraud actions.",Chrome Web Store,,0,0,0,0,0,0,0,1,0,Software Registry Attacks,Malicious Package,Artifact,A3,(AV-204) Typosquatting,,1/10/2020,3/11/2020,3/11/2020,1,https://github.com/greatsuspender/thegreatsuspender/issues/1263,
154,"The discord.dll is an npm component which conducts sinister activities that are hard to spot upfront. It also uses the legitimate Discord.js npm dependency to potentially distract researchers from its otherwise nefarious activities.The package comprises just one version 1.0.0, which has been sitting on npm downloads for over 5 months.",npm,The new packages in question were published by the same npm author whose npm account also contains what looks like legitimate packages with genuine use cases.,0,0,0,0,0,1,0,1,1,Software Registry Attacks,Malicious Package,Artifact,"A3, R1,R2,R3",(AV-204) Typosquatting,,unknown,9/11/2020,9/11/2020,4,https://blog.sonatype.com/discord.dll-successor-to-npm-fallguys-,
155,Ruby gem ruby-bitcoin contained obfuscated code on beautification was matching malware code https://github.com/365sec/twannacry/blob/master/wannacry.vbs,RubyGems.org,,0,0,0,0,0,0,0,1,0,Software Registry Attacks,Typosquatting,Artifact,A3,(AV-204) Typosquatting,,7/12/2020,8/12/2020,8/12/2020,1,https://github.com/rubygems/rubygems.org/wiki/Gems-yanked-and-accounts-locked#08-dec-2020,
156,An Orion software patch was delivered through its existing software release management system that included a backdoor that appears to have been inserted via a build system compromise.,SolarWinds Orion,,1,1,0,0,0,0,0,0,0,"Build, Source, and Publishing Infrastructure Attack",Build System Compromise,"Principal, Resource, Step","P1,P2,P3,P4, R1,R2, S1,S2,S3","(AV-401) Run Malicious Build, (AV-403) Tamper with Exposed Build System",,unknown,13/12/2020,13/12/2020,1,https://blog.reversinglabs.com/blog/sunburst-the-next-level-of-stealth,"https://attack.mitre.org/campaigns/C0024/#:~:text=The%20SolarWinds%20Compromise%20was%20a,APT29%20activity%20on%20their%20systems."
157,Ruby gem pretty_color contained obfuscated code on beautification was matching malware code https://github.com/365sec/twannacry/blob/master/wannacry.vbs,RubyGems.org,,0,0,0,0,0,0,0,1,0,Software Registry Attacks,Malicious Package,Artifact,A3,"(AV-300) Inject into Sources of Legitimate Package, (AV-001) Subvert Legitimate Package",,13/12/2020,14/12/2020,14/12/2020,1,https://github.com/rubygems/rubygems.org/wiki/Gems-yanked-and-accounts-locked#14-dec-2020,
158,"At least 28 browser extensions for Google Chrome and Microsoft Edge analyzed by Avast Threat Intelligence researchers contain malware. According to the browser store download numbers, more than three million people may be affected worldwide.",Chrome Web Store,,0,0,0,0,0,0,0,1,0,Software Registry Attacks,Malicious Package,Artifact,A3,(AV-100) Develop and Advertise Distinct Malicious Package from Scratch,,1/12/2018,1/11/2020,17/12/2020,28,https://blog.avast.com/malicious-browser-extensions-avast,
159,"Sonatype identified 3 malicious packages that were published to npm, and leveraged brandjacking and typosquatting techniques to propagate discord token grabbing malware.",npm,,0,0,0,0,0,0,0,0,1,Software Registry Attacks,Typosquatting,Artifact,A3,"(AV-204) Typosquatting, (AV-206) Brandjacking",,15/10/2020,16/1/2021,20/1/2021,3,https://blog.sonatype.com/sonatype-spots-more-discord-malware-in-npm?hs_preview=BbDPGbfh-40737456755:,"https://www.sonatype.com/blog/cursedgrabber-strikes-again-sonatype-spots-new-malware-campaign-against-software-supply-chains#:~:text=Table_title:%20CursedGrabber%20Strikes%20Again:%20Sonatype%20Spots%20New,%7C%20Published%20to%20npm%20by:%20scp173%2Ddeleted%20%7C"
160,All versions of http-proxy-middelware contain malicious code. The index.js file attempts to download a file from a remote server and execute it. The file is not run upon installation - the package needs to be required or the index.js run manually.,npm,,0,0,0,0,0,0,0,0,1,Software Registry Attacks,Typosquatting,Artifact,A3, (AV-204) Typosquatting,,25/10/2020,3/2/2021,3/2/2021,1,https://www.npmjs.com/advisories/1599,https://www.herodevs.com/vulnerability-directory/cve-2024-21536
161,All versions of jquerry contain malicious code. The index.js file appears to download and execute a crypto mining script. The file is not run upon installation - the package needs to be required or the index.js run manually.,npm,,0,0,0,0,0,0,0,0,1,Software Registry Attacks,Typosquatting,Artifact,A3, (AV-204) Typosquatting,,25/10/2020,3/2/2021,3/2/2021,1,https://www.npmjs.com/advisories/1600,https://thehackernews.com/2024/07/trojanized-jquery-packages-found-on-npm.html
162,"Certain package managers priortize packages in public repositories over private ones, allowing attackers to typosquat on private packages names used internally by development teams.  This type of attack was named dependency confusion by the researcher who identified the issue.","JFrog Artifactory, pip, npm, gem",,1,0,0,0,0,0,0,0,1,"Build, Source, and Publishing Infrastructure Attack",Publishing Infrastructure: Delivery System Compromise,Artifact/Step,A3, (AV-204) Typosquatting(AV-509) Abuse Dependency Resolution Mechanism,,1/8/2020,unknown,9/2/2021,35,https://medium.com/@alex.birsan/dependency-confusion-4a5d60fec610,
163,"Three libraries used in Qentinel Pace, QWeb, QVision and QMobile had all been created by an unknown account in the package repository.  They were fetched during the Qentinel Pace build process instead of the actual libraries from Qentinel private repositories.",Qentinel Pace,,1,0,0,0,0,0,0,0,1,"Build, Source, and Publishing Infrastructure Attack",Publishing Infrastructure: Delivery System Compromise,Artifact/Topology,"A1,A3",(AV-509) Abuse Dependency Resolution Mechanism,,16/2/2021,16/2/2021,18/2/2021,1,https://info.qentinel.com/blog/dependency-confusion-attack,"https://portswigger.net/daily-swig/dependency-confusion-attack-mounted-via-pypi-repo-exposes-flawed-package-installer-behavior#:~:text=%E2%80%9CSeems%20like%20it%20was%20a,other%20tools%2C%E2%80%9D%20says%20Terho."
164,"Sonatype identified over 700 dependency confusion attack packages on npm, some of which exfiltrate .bash_history and /etc/shadow file contents and some that spawn a reverse shell.",npm,,1,0,0,0,0,0,0,0,1,"Build, Source, and Publishing Infrastructure Attack",Publishing Infrastructure: Delivery System Compromise,Artifact/Topology,"A1,A3",(AV-509) Abuse Dependency Resolution Mechanism,,9/2/2021,11/2/2021,1/3/2021,700,https://blog.sonatype.com/malicious-dependency-confusion-copycats-exfiltrate-bash-history-and-etc-shadow-files,
165,Researchers identified over 5100 dependency confusion attack packages on npm and PyPi published by the account RemindSupplyChainRisks.,"npm, PyPi, pip",,1,0,0,0,0,0,0,0,1,"Build, Source, and Publishing Infrastructure Attack",Publishing Infrastructure: Delivery System Compromise,Artifact/Topology,"A1,A3",(AV-509) Abuse Dependency Resolution Mechanism,,25/2/2021,1/3/2021,1/3/2021,5100,https://blog.sonatype.com/pypi-and-npm-flooded-with-over-5000-dependency-confusion-copycats,
166,Two malicious commits were pushed to the php-src repo that introduced a backdoor into PHP.  It is believed that the git server was compromised and not the accounts of the maintainers who appear to have committed the code.,PHP,,0,1,0,0,0,0,0,0,0,"Build, Source, and Publishing Infrastructure Attack",Source Code System Compromise,Resource/Artifact/Step,"R1,R2,A3",(AV-700) Compromise Version Control System,,28/3/2021,28/3/2021,28/3/2021,1,https://news-web.php.net/php.internals/113838,
167,Someone updated the CodeCov Bash Uploader script to export information stored in CI systems.  Access was obtained through an error in Codecov's Docker image creation process that allowed the actor to extract the credential required to modify their Bash Uploader script.,CodeCov,,1,0,0,0,0,0,0,0,0,"Build, Source, and Publishing Infrastructure Attack",Build System Compromise,Step,"S1, S3","(AV-401) Run malicious build, ",,31/1/2021,1/4/2021,15/4/2021,1,https://about.codecov.io/security-update/,
168,"Researchers from the University of Minnesota submitted intentionally faulty code to the Linux kernel as part of a research project, and one patch was accepted.",Linux,,0,1,0,0,0,0,0,0,0,Software Registry Attacks,Source Code System Compromise,Artifact/Step,A3,(AV-301) Introduce Malicious Code through Hypocrite Merge Request,,18/2/2019,21/4/2021,21/4/2021,1,https://thenewstack.io/university-of-minnesota-researchers-tried-to-poison-the-linux-kernel-for-a-research-project/,
169,Sonatype has identified malicious typosquatting packages infiltrating the PyPI repository that secretly pull in cryptominers on the affected machines.,PyPI,Sonatype is publishing the findings after catching these malicious packages over the weekend and notifying PyPI of these packages.,0,0,0,0,0,0,0,1,1,Software Registry Attacks,Malicious Package,Artifact,A3, (AV-204) Typosquatting,,unknown,unknown,21/6/2021,6,https://blog.sonatype.com/sonatype-catches-new-pypi-cryptomining-malware-via-automated-detection,
170,It appears that attackers have carried out a supply chain ransomware attack by leveraging a vulnerability in Kaseya's VSA software against multiple managed service providers (MSP) -- and their customers.,Kaseya VSA,"REvil has offered a decryption key, allegedly universal and, therefore, able to unlock all encrypted systems, for the 'bargain' price of $70 million in the bitcoin (BTC) cryptocurrency.",1,0,0,0,0,0,0,0,0,"Build, Source, and Publishing Infrastructure Attack",Build System Compromise,Resources,"R1,R2,R3",(AV-702) Exploit Vulnerabilities,,unknown,2/7/2021,2/7/2021,1,https://www.cisa.gov/uscert/ncas/current-activity/2021/07/02/kaseya-vsa-supply-chain-ransomware-attack,
171,NPM malware has been caught stealing credentials from the Google Chrome web browser by using legitimate password recovery tools on Windows systems.,npm,NPM security team removed nodejs_net_server and temptesttempfile packages.,0,0,0,0,0,0,0,1,0,Software Registry Attacks,Malicious Package,Artifats,A3,(AV-100) Develop and Advertise Distinct Malicious Package from Scratch,,2/12/2020,2/7/2021,21/7/2021,2,https://blog.secure.software/groundhog-day-npm-package-caught-stealing-browser-passwords,https://sos-vo.org/index.php/news/npm-package-steals-chrome-passwords-windows-recovery-tool
172,"As part of an ongoing effort by the JFrog security research team to automatically identify malicious packages, we are now reporting several Python packages hosted on PyPI as malicious.",PyPI,JFrog security research team will continue to monitor public package repositories to sanitize such instances.,0,0,0,0,0,0,0,1,0,Software Registry Attacks,Malicious Package,Artifact,A3,(AV-100) Develop and Advertise Distinct Malicious Package from Scratch,,unknown,unknown,29/7/2021,8,https://jfrog.com/blog/malicious-pypi-packages-stealing-credit-cards-injecting-code/,
173,18 malicious packages that steal user information reported to PyPi in a Github Issue,PyPI,The Python packages have since been removed from the repository.,0,0,0,0,0,0,0,1,0,Software Registry Attacks,Malicious Package,Artifact,A3,(AV-100) Develop and Advertise Distinct Malicious Package from Scratch,,unknown,unknown,12/9/2021,18,https://github.com/pypi/warehouse/issues/10032,
174,"A vulnerability in the tool made it possible for secure environment variables - signing keys, access credentials, and API tokens of all public open source projects - to be exfiltrated.",Travis CI,The dev community is upset about the poor handling of the vulnerability disclosure process and the brief security bulletin it had to force out of Travis.,1,0,0,0,0,0,0,0,0,"Build, Source, and Publishing Infrastructure Attack",Build System Compromise,Resource,"R1, R2",AV-701 AV-702 AV-603 AV-605,,3/9/2021,7/9/2021,14/9/2021,1,https://arstechnica.com/information-technology/2021/09/travis-ci-flaw-exposed-secrets-for-thousands-of-open-source-projects/,
175,"The PyPI repository has removed a Python package called 'mitmproxy2' that was an identical copy of the official 'mitmproxy' library, but with an artificially introduced code execution vulnerability.",PyPI,"After removing the package from the directory the next day, a new package 'mitmproxy-iframe' was posted to PyPI, the description of which also completely coincided with the official package.",0,0,0,0,0,0,0,0,1,Software Registry Attacks,Typosquatting,Artifact,A3, (AV-204) Typosquatting,,unknown,11/10/2021,12/10/2021,2,https://www.bleepingcomputer.com/news/security/pypi-removes-mitmproxy2-over-code-execution-concerns/,
176,"Sonatypes automated malware detection system has caught multiple malicious packages on the npm registry this month. These packages disguise themselves as legitimate JavaScript libraries but were caught launching cryptominers on Windows, macOS, and Linux machines.",npm,"The bad actor's NPM account has since been deactivated, and all the three libraries have been removed from the repository on the same day of publishing.",0,0,0,0,0,0,0,1,1,Software Registry Attacks,Malicious Package,Artifact,A3,(AV-100) Develop and Advertise Distinct Malicious Package from Scratch SL:,,15/10/2021,15/10/2021,20/10/2021,3,https://blog.sonatype.com/newly-found-npm-malware-mines-cryptocurrency-on-windows-linux-macos-devices,
177,"Three malicious versions of the UA-Parser-JS library, which detects a users browser, engine, OS, CPU, and device via their browsers user agent, surfaced.",npm,"The deliberately introduced critical vulnerabilities were absent from newer, benign versions released by the JavaScript packages developer a few hours later.",0,1,0,0,0,1,0,1,0,Software Registry Attacks,Source Code System Compromise,Principal/Artifact,"P1,P2,P3,P4,A3","(AV-602) Take-over Legitimate Account, (AV-500) Distribute Malicious Version of Legitimate Package",,22/10/2021,22/10/2021,22/10/2021,1,https://www.bleepingcomputer.com/news/security/popular-npm-library-hijacked-to-install-password-stealers-miners/,
178,Malicious NPM packages pretending to be Roblox libraries are delivering ransomware and password-stealing trojans on unsuspecting users.,npm,Both of the malicious NPM libraries have since been taken down and are no longer available.,0,0,0,0,0,0,0,1,1,Software Registry Attacks,Malicious Package,Artifact,A3, (AV-204) Typosquatting,,20/10/2021,20/10/2021,27/10/2021,2,https://blog.sonatype.com/fake-npm-roblox-api-package-installs-ransomware-spooky-surprise,
179,"Another popular npm library called 'coa', which is used in React packages around the world, was hijacked to distribute credential-stealing malware. The developer community noticed something was amiss when strange new versions of 'coa' appeared on npm, breaking software builds.",npm,NPM has removed the compromised versions and blocked new versions from being published temporarily while recovering access to the package.,0,1,0,0,0,1,0,1,0,Software Registry Attacks,Source Code System Compromise,Artifact/Resource/Topology,"A3,R1,R2,R3","(AV-500) Distribute Malicious Version of Legitimate Package, (AV-505) Inject into Hosting System",,4/11/2021,4/11/2021,4/11/2021,2,https://www.bleepingcomputer.com/news/security/popular-coa-npm-library-hijacked-to-steal-user-passwords/,
180,JFrog said the packages are notable for the lengths its developers took to camouflage their malicious code from network detection.,PyPI,The Python packages have since been removed from the repository following responsible disclosure by DevOps firm JFrog.,0,0,0,0,0,0,0,1,0,Software Registry Attacks,Malicious Package,Artifacts,"A3,A1",(AV-509) Abuse Dependency Resolution Mechanism,,unknown,unknown,19/11/2021,11,https://arstechnica.com/information-technology/2021/11/malware-downloaded-from-pypi-41000-G179,"https://arstechnica.com/information-technology/2021/11/malware-downloaded-from-pypi-41000-times-was-surprisingly-stealthy/#:~:text=OF%20THE%20TIMES-,Malware%20downloaded%20from%20PyPI%2041%2C000%20times%20was%20surprisingly%20stealthy,A%20powerful%20vector"
181,"The open source maintainer of the popular npm package colors, intentionally introduced an offending commit that adds an infinite loop to the source code.",npm,"This event follows a similar incident related to the popular npm package faker, maintained by the same person; where the open source repository on GitHub received a forced commit which completely reverted the package's original source code.",1,0,0,0,0,0,1,0,0,Dependency Compromise,Software Registry Attacks,Artifact/step,"A3,P4",(AV-300) Inject into Sources of Legitimate Package,,8/1/2022,8/1/2022,9/1/2022,2,https://snyk.io/blog/open-source-npm-packages-colors-faker/,
182,"A massive supply chain attack compromised 93 WordPress themes and plugins to contain a backdoor, giving threat-actors full access to websites.",WordPress,"In total, threat actors compromised 40 themes and 53 plugins belonging to AccessPress, a developer of WordPress add-ons used in over 360000 active websites.",0,1,0,0,0,0,0,1,0,"Build, Source, and Publishing Infrastructure Attack",Source Code System Compromise,Resource/Artifact,"A1,A3,R1,R2,R3","(AV-505) Inject into Hosting System, (AV-500) Distribute Malicious Version of Legitimate Package",,1/9/2021,15/10/2021,21/1/2022,93,https://www.bleepingcomputer.com/news/security/over-90-wordpress-themes-plugins-backdoored-in-supply-chain-attack/,
183,"Virustotal reported that some 43 different security tools detected the Saicoo drivers as malicious. The consensus seems to be that the ZIP file currently harbors a malware threat known as Ramnit, a fairly common but dangerous trojan horse that spreads by appending itself to other files.",Saicoo CAC Reader Driver Website," """"",0,0,1,0,0,0,0,0,0,"Build, Source, and Publishing Infrastructure Attack",Firmware Implant,Artifact,A3,"(AV-505) Inject into Hosting System, and (AV-500) Distribute Malicious Version of Legitimate Package/ or (AV-100) Develop and Advertise Distinct Malicious Package from Scratch","It is not clear weather th AV-500,505 or AV-100 applies, the investigation on the reference didnt  determine certainly wheter Saicoo was compromised or  intentionaly introduced the malware",unknown, unknown, 05/17/2022,1, https://krebsonsecurity.com/2022/05/when-your-smart-id-card-reader-comes-with-malware/,
184,A large number of NPM packages containing jQuery scripts designed to steal form data from deployed applications that include them were identified. ,npm,Researchers at ReversingLabs identified NPM packages that contain obfuscated Javascript designed to steal form data from individuals using applications or websites where the malicious packages had been deployed.,1,0,0,0,0,0,1,0,0,Dependency Compromise,Software Registry Attacks,Artifact,A3, (AV-204) Typosquatting,,1/12/2021,1/7/2022,5/7/2022,59,https://blog.reversinglabs.com/blog/iconburst-npm-software-supply-chain-attack-grabs-data-from-apps-websites,